Metropolia_fall_title;Empire fall.;La Réforme paysanne;Die Bauernreform;;La reforma de los campesinos;;;;;;;;;;x
Metropolia_fall_desc;Occupy all core provinces of empire and all colonies will get freedom. ;Le système de servage, une main-d'œuvre privée de liberté rattachée aux terres d'un noble local, une forme d'esclavage féodal, a existé en Russie depuis la Rus' de Kiev du XIe siècle. Au fil du temps, ce système a fait l'objet de plusieurs réformes et évolutions, mais les premières mesures d'abolition ne furent prises que dans les années 1810, époque à laquelle il fut aboli dans les domaines russes du Kurland, d'Estonie et de Livonie. Il fallut attendre la réforme agraire de 1861 pour voir l'abolition totale de ce système, sous le règne du tsar Alexandre II qui craignait, à l'époque, un soulèvement de la paysannerie russe.;Die Einführung der Leibeigenschaft -- unfreie Landarbeit auf den Ländereien eines lokalen Adligen, also eine Art feudaler Sklaverei -- hatte in Russland seit der Kiewer Rus im elften Jahrhundert in verschiedenen Formen existiert. Im Laufe der wurde die Leibeigenschaft mehreren Reformen und Veränderungen unterworfen, aber erste Schritte in Richtung einer vollständigen Abschaffungen wurden erst in den 1810er Jahren unternommen, als die Leibeigenschaft in den russischen Domänen Kurland, Estland und Livland abgeschafft wurde. Im restlichen Russland wurde sie erst während der Herrschaft von Zar Alexander II. im Zuge der Agrarreform von 1861 abgeschafft. Der Zar befürchtete damals, dass sich die russischen Bauern ansonsten ihre Freiheit durch eine offene Revolution holen würden.;;La institución de la servidumbre, que consiste en el trabajo en granjas vinculado a la tierra de un noble local, en la práctica una forma de esclavitud feudal, había existido bajo diversas fórmulas en Rusia desde la época de los rus de Kiev, en el siglo XI. A lo largo de las eras, la institución había experimentado varios cambios y reformas, pero los primeros pasos hacia su abolición real no se dieron hasta la década de 1810, cuando la institución fue eliminada en los dominios rusos de Curlandia, Estonia y Livonia. El fin de la institución no llegó hasta la reforma agraria de 1861, durante el reinado del zar Alejandro II, que en ese momento temía que si no ocurría así, el campesinado ruso buscaría su liberación a través de la revolución abierta.;;;;;;;;;x
Marionet_title;Make puppet.;La Réforme paysanne;Die Bauernreform;;La reforma de los campesinos;;;;;;;;;;x
Marionet_desc;Make puppet on the lands of the enemy. ;Le système de servage, une main-d'œuvre privée de liberté rattachée aux terres d'un noble local, une forme d'esclavage féodal, a existé en Russie depuis la Rus' de Kiev du XIe siècle. Au fil du temps, ce système a fait l'objet de plusieurs réformes et évolutions, mais les premières mesures d'abolition ne furent prises que dans les années 1810, époque à laquelle il fut aboli dans les domaines russes du Kurland, d'Estonie et de Livonie. Il fallut attendre la réforme agraire de 1861 pour voir l'abolition totale de ce système, sous le règne du tsar Alexandre II qui craignait, à l'époque, un soulèvement de la paysannerie russe.;Die Einführung der Leibeigenschaft -- unfreie Landarbeit auf den Ländereien eines lokalen Adligen, also eine Art feudaler Sklaverei -- hatte in Russland seit der Kiewer Rus im elften Jahrhundert in verschiedenen Formen existiert. Im Laufe der wurde die Leibeigenschaft mehreren Reformen und Veränderungen unterworfen, aber erste Schritte in Richtung einer vollständigen Abschaffungen wurden erst in den 1810er Jahren unternommen, als die Leibeigenschaft in den russischen Domänen Kurland, Estland und Livland abgeschafft wurde. Im restlichen Russland wurde sie erst während der Herrschaft von Zar Alexander II. im Zuge der Agrarreform von 1861 abgeschafft. Der Zar befürchtete damals, dass sich die russischen Bauern ansonsten ihre Freiheit durch eine offene Revolution holen würden.;;La institución de la servidumbre, que consiste en el trabajo en granjas vinculado a la tierra de un noble local, en la práctica una forma de esclavitud feudal, había existido bajo diversas fórmulas en Rusia desde la época de los rus de Kiev, en el siglo XI. A lo largo de las eras, la institución había experimentado varios cambios y reformas, pero los primeros pasos hacia su abolición real no se dieron hasta la década de 1810, cuando la institución fue eliminada en los dominios rusos de Curlandia, Estonia y Livonia. El fin de la institución no llegó hasta la reforma agraria de 1861, durante el reinado del zar Alejandro II, que en ese momento temía que si no ocurría así, el campesinado ruso buscaría su liberación a través de la revolución abierta.;;;;;;;;;x
deport_aliens_title;Deport foreign nationals.;La Réforme paysanne;Die Bauernreform;;La reforma de los campesinos;;;;;;;;;;x
deport_aliens_desc;We will not tolerate all this foreign nationals in our land! ;Le système de servage, une main-d'œuvre privée de liberté rattachée aux terres d'un noble local, une forme d'esclavage féodal, a existé en Russie depuis la Rus' de Kiev du XIe siècle. Au fil du temps, ce système a fait l'objet de plusieurs réformes et évolutions, mais les premières mesures d'abolition ne furent prises que dans les années 1810, époque à laquelle il fut aboli dans les domaines russes du Kurland, d'Estonie et de Livonie. Il fallut attendre la réforme agraire de 1861 pour voir l'abolition totale de ce système, sous le règne du tsar Alexandre II qui craignait, à l'époque, un soulèvement de la paysannerie russe.;Die Einführung der Leibeigenschaft -- unfreie Landarbeit auf den Ländereien eines lokalen Adligen, also eine Art feudaler Sklaverei -- hatte in Russland seit der Kiewer Rus im elften Jahrhundert in verschiedenen Formen existiert. Im Laufe der wurde die Leibeigenschaft mehreren Reformen und Veränderungen unterworfen, aber erste Schritte in Richtung einer vollständigen Abschaffungen wurden erst in den 1810er Jahren unternommen, als die Leibeigenschaft in den russischen Domänen Kurland, Estland und Livland abgeschafft wurde. Im restlichen Russland wurde sie erst während der Herrschaft von Zar Alexander II. im Zuge der Agrarreform von 1861 abgeschafft. Der Zar befürchtete damals, dass sich die russischen Bauern ansonsten ihre Freiheit durch eine offene Revolution holen würden.;;La institución de la servidumbre, que consiste en el trabajo en granjas vinculado a la tierra de un noble local, en la práctica una forma de esclavitud feudal, había existido bajo diversas fórmulas en Rusia desde la época de los rus de Kiev, en el siglo XI. A lo largo de las eras, la institución había experimentado varios cambios y reformas, pero los primeros pasos hacia su abolición real no se dieron hasta la década de 1810, cuando la institución fue eliminada en los dominios rusos de Curlandia, Estonia y Livonia. El fin de la institución no llegó hasta la reforma agraria de 1861, durante el reinado del zar Alejandro II, que en ese momento temía que si no ocurría así, el campesinado ruso buscaría su liberación a través de la revolución abierta.;;;;;;;;;x
stop_deportation_title;Stop deportation;La Réforme paysanne;Die Bauernreform;;La reforma de los campesinos;;;;;;;;;;x
stop_deportation_desc;It was terrible mistake, we love all people of our land. ;Le système de servage, une main-d'œuvre privée de liberté rattachée aux terres d'un noble local, une forme d'esclavage féodal, a existé en Russie depuis la Rus' de Kiev du XIe siècle. Au fil du temps, ce système a fait l'objet de plusieurs réformes et évolutions, mais les premières mesures d'abolition ne furent prises que dans les années 1810, époque à laquelle il fut aboli dans les domaines russes du Kurland, d'Estonie et de Livonie. Il fallut attendre la réforme agraire de 1861 pour voir l'abolition totale de ce système, sous le règne du tsar Alexandre II qui craignait, à l'époque, un soulèvement de la paysannerie russe.;Die Einführung der Leibeigenschaft -- unfreie Landarbeit auf den Ländereien eines lokalen Adligen, also eine Art feudaler Sklaverei -- hatte in Russland seit der Kiewer Rus im elften Jahrhundert in verschiedenen Formen existiert. Im Laufe der wurde die Leibeigenschaft mehreren Reformen und Veränderungen unterworfen, aber erste Schritte in Richtung einer vollständigen Abschaffungen wurden erst in den 1810er Jahren unternommen, als die Leibeigenschaft in den russischen Domänen Kurland, Estland und Livland abgeschafft wurde. Im restlichen Russland wurde sie erst während der Herrschaft von Zar Alexander II. im Zuge der Agrarreform von 1861 abgeschafft. Der Zar befürchtete damals, dass sich die russischen Bauern ansonsten ihre Freiheit durch eine offene Revolution holen würden.;;La institución de la servidumbre, que consiste en el trabajo en granjas vinculado a la tierra de un noble local, en la práctica una forma de esclavitud feudal, había existido bajo diversas fórmulas en Rusia desde la época de los rus de Kiev, en el siglo XI. A lo largo de las eras, la institución había experimentado varios cambios y reformas, pero los primeros pasos hacia su abolición real no se dieron hasta la década de 1810, cuando la institución fue eliminada en los dominios rusos de Curlandia, Estonia y Livonia. El fin de la institución no llegó hasta la reforma agraria de 1861, durante el reinado del zar Alejandro II, que en ese momento temía que si no ocurría así, el campesinado ruso buscaría su liberación a través de la revolución abierta.;;;;;;;;;x
prohibit_emigration_title;Prohibit emigration;La Réforme paysanne;Die Bauernreform;;La reforma de los campesinos;;;;;;;;;;x
prohibit_emigration_desc;You traitor live here and work for your Goverment! ;Le système de servage, une main-d'œuvre privée de liberté rattachée aux terres d'un noble local, une forme d'esclavage féodal, a existé en Russie depuis la Rus' de Kiev du XIe siècle. Au fil du temps, ce système a fait l'objet de plusieurs réformes et évolutions, mais les premières mesures d'abolition ne furent prises que dans les années 1810, époque à laquelle il fut aboli dans les domaines russes du Kurland, d'Estonie et de Livonie. Il fallut attendre la réforme agraire de 1861 pour voir l'abolition totale de ce système, sous le règne du tsar Alexandre II qui craignait, à l'époque, un soulèvement de la paysannerie russe.;Die Einführung der Leibeigenschaft -- unfreie Landarbeit auf den Ländereien eines lokalen Adligen, also eine Art feudaler Sklaverei -- hatte in Russland seit der Kiewer Rus im elften Jahrhundert in verschiedenen Formen existiert. Im Laufe der wurde die Leibeigenschaft mehreren Reformen und Veränderungen unterworfen, aber erste Schritte in Richtung einer vollständigen Abschaffungen wurden erst in den 1810er Jahren unternommen, als die Leibeigenschaft in den russischen Domänen Kurland, Estland und Livland abgeschafft wurde. Im restlichen Russland wurde sie erst während der Herrschaft von Zar Alexander II. im Zuge der Agrarreform von 1861 abgeschafft. Der Zar befürchtete damals, dass sich die russischen Bauern ansonsten ihre Freiheit durch eine offene Revolution holen würden.;;La institución de la servidumbre, que consiste en el trabajo en granjas vinculado a la tierra de un noble local, en la práctica una forma de esclavitud feudal, había existido bajo diversas fórmulas en Rusia desde la época de los rus de Kiev, en el siglo XI. A lo largo de las eras, la institución había experimentado varios cambios y reformas, pero los primeros pasos hacia su abolición real no se dieron hasta la década de 1810, cuando la institución fue eliminada en los dominios rusos de Curlandia, Estonia y Livonia. El fin de la institución no llegó hasta la reforma agraria de 1861, durante el reinado del zar Alejandro II, que en ese momento temía que si no ocurría así, el campesinado ruso buscaría su liberación a través de la revolución abierta.;;;;;;;;;x
legalize_emigration_title;Legalize emigration;La Réforme paysanne;Die Bauernreform;;La reforma de los campesinos;;;;;;;;;;x
legalize_emigration_desc;Ok, go out if you want so. ;Le système de servage, une main-d'œuvre privée de liberté rattachée aux terres d'un noble local, une forme d'esclavage féodal, a existé en Russie depuis la Rus' de Kiev du XIe siècle. Au fil du temps, ce système a fait l'objet de plusieurs réformes et évolutions, mais les premières mesures d'abolition ne furent prises que dans les années 1810, époque à laquelle il fut aboli dans les domaines russes du Kurland, d'Estonie et de Livonie. Il fallut attendre la réforme agraire de 1861 pour voir l'abolition totale de ce système, sous le règne du tsar Alexandre II qui craignait, à l'époque, un soulèvement de la paysannerie russe.;Die Einführung der Leibeigenschaft -- unfreie Landarbeit auf den Ländereien eines lokalen Adligen, also eine Art feudaler Sklaverei -- hatte in Russland seit der Kiewer Rus im elften Jahrhundert in verschiedenen Formen existiert. Im Laufe der wurde die Leibeigenschaft mehreren Reformen und Veränderungen unterworfen, aber erste Schritte in Richtung einer vollständigen Abschaffungen wurden erst in den 1810er Jahren unternommen, als die Leibeigenschaft in den russischen Domänen Kurland, Estland und Livland abgeschafft wurde. Im restlichen Russland wurde sie erst während der Herrschaft von Zar Alexander II. im Zuge der Agrarreform von 1861 abgeschafft. Der Zar befürchtete damals, dass sich die russischen Bauern ansonsten ihre Freiheit durch eine offene Revolution holen würden.;;La institución de la servidumbre, que consiste en el trabajo en granjas vinculado a la tierra de un noble local, en la práctica una forma de esclavitud feudal, había existido bajo diversas fórmulas en Rusia desde la época de los rus de Kiev, en el siglo XI. A lo largo de las eras, la institución había experimentado varios cambios y reformas, pero los primeros pasos hacia su abolición real no se dieron hasta la década de 1810, cuando la institución fue eliminada en los dominios rusos de Curlandia, Estonia y Livonia. El fin de la institución no llegó hasta la reforma agraria de 1861, durante el reinado del zar Alejandro II, que en ese momento temía que si no ocurría así, el campesinado ruso buscaría su liberación a través de la revolución abierta.;;;;;;;;;x
Anshlus_title;Anschluss!;La Réforme paysanne;Die Bauernreform;;La reforma de los campesinos;;;;;;;;;;x
Anshlus_desc;In prepare to world conquest we decide to annex all our brother people. ;Le système de servage, une main-d'œuvre privée de liberté rattachée aux terres d'un noble local, une forme d'esclavage féodal, a existé en Russie depuis la Rus' de Kiev du XIe siècle. Au fil du temps, ce système a fait l'objet de plusieurs réformes et évolutions, mais les premières mesures d'abolition ne furent prises que dans les années 1810, époque à laquelle il fut aboli dans les domaines russes du Kurland, d'Estonie et de Livonie. Il fallut attendre la réforme agraire de 1861 pour voir l'abolition totale de ce système, sous le règne du tsar Alexandre II qui craignait, à l'époque, un soulèvement de la paysannerie russe.;Die Einführung der Leibeigenschaft -- unfreie Landarbeit auf den Ländereien eines lokalen Adligen, also eine Art feudaler Sklaverei -- hatte in Russland seit der Kiewer Rus im elften Jahrhundert in verschiedenen Formen existiert. Im Laufe der wurde die Leibeigenschaft mehreren Reformen und Veränderungen unterworfen, aber erste Schritte in Richtung einer vollständigen Abschaffungen wurden erst in den 1810er Jahren unternommen, als die Leibeigenschaft in den russischen Domänen Kurland, Estland und Livland abgeschafft wurde. Im restlichen Russland wurde sie erst während der Herrschaft von Zar Alexander II. im Zuge der Agrarreform von 1861 abgeschafft. Der Zar befürchtete damals, dass sich die russischen Bauern ansonsten ihre Freiheit durch eine offene Revolution holen würden.;;La institución de la servidumbre, que consiste en el trabajo en granjas vinculado a la tierra de un noble local, en la práctica una forma de esclavitud feudal, había existido bajo diversas fórmulas en Rusia desde la época de los rus de Kiev, en el siglo XI. A lo largo de las eras, la institución había experimentado varios cambios y reformas, pero los primeros pasos hacia su abolición real no se dieron hasta la década de 1810, cuando la institución fue eliminada en los dominios rusos de Curlandia, Estonia y Livonia. El fin de la institución no llegó hasta la reforma agraria de 1861, durante el reinado del zar Alejandro II, que en ese momento temía que si no ocurría así, el campesinado ruso buscaría su liberación a través de la revolución abierta.;;;;;;;;;x
WorldWideRevlution_title;World USSR;La Réforme paysanne;Die Bauernreform;;La reforma de los campesinos;;;;;;;;;;x
WorldWideRevlution_desc;World USSR become reality! ;Le système de servage, une main-d'œuvre privée de liberté rattachée aux terres d'un noble local, une forme d'esclavage féodal, a existé en Russie depuis la Rus' de Kiev du XIe siècle. Au fil du temps, ce système a fait l'objet de plusieurs réformes et évolutions, mais les premières mesures d'abolition ne furent prises que dans les années 1810, époque à laquelle il fut aboli dans les domaines russes du Kurland, d'Estonie et de Livonie. Il fallut attendre la réforme agraire de 1861 pour voir l'abolition totale de ce système, sous le règne du tsar Alexandre II qui craignait, à l'époque, un soulèvement de la paysannerie russe.;Die Einführung der Leibeigenschaft -- unfreie Landarbeit auf den Ländereien eines lokalen Adligen, also eine Art feudaler Sklaverei -- hatte in Russland seit der Kiewer Rus im elften Jahrhundert in verschiedenen Formen existiert. Im Laufe der wurde die Leibeigenschaft mehreren Reformen und Veränderungen unterworfen, aber erste Schritte in Richtung einer vollständigen Abschaffungen wurden erst in den 1810er Jahren unternommen, als die Leibeigenschaft in den russischen Domänen Kurland, Estland und Livland abgeschafft wurde. Im restlichen Russland wurde sie erst während der Herrschaft von Zar Alexander II. im Zuge der Agrarreform von 1861 abgeschafft. Der Zar befürchtete damals, dass sich die russischen Bauern ansonsten ihre Freiheit durch eine offene Revolution holen würden.;;La institución de la servidumbre, que consiste en el trabajo en granjas vinculado a la tierra de un noble local, en la práctica una forma de esclavitud feudal, había existido bajo diversas fórmulas en Rusia desde la época de los rus de Kiev, en el siglo XI. A lo largo de las eras, la institución había experimentado varios cambios y reformas, pero los primeros pasos hacia su abolición real no se dieron hasta la década de 1810, cuando la institución fue eliminada en los dominios rusos de Curlandia, Estonia y Livonia. El fin de la institución no llegó hasta la reforma agraria de 1861, durante el reinado del zar Alejandro II, que en ese momento temía que si no ocurría así, el campesinado ruso buscaría su liberación a través de la revolución abierta.;;;;;;;;;x
LetsDoKolhoz_title;Organize kolkhoz;La Réforme paysanne;Die Bauernreform;;La reforma de los campesinos;;;;;;;;;;x
LetsDoKolhoz_desc;All go to kolkhoz! Long live the revolution! ;Le système de servage, une main-d'œuvre privée de liberté rattachée aux terres d'un noble local, une forme d'esclavage féodal, a existé en Russie depuis la Rus' de Kiev du XIe siècle. Au fil du temps, ce système a fait l'objet de plusieurs réformes et évolutions, mais les premières mesures d'abolition ne furent prises que dans les années 1810, époque à laquelle il fut aboli dans les domaines russes du Kurland, d'Estonie et de Livonie. Il fallut attendre la réforme agraire de 1861 pour voir l'abolition totale de ce système, sous le règne du tsar Alexandre II qui craignait, à l'époque, un soulèvement de la paysannerie russe.;Die Einführung der Leibeigenschaft -- unfreie Landarbeit auf den Ländereien eines lokalen Adligen, also eine Art feudaler Sklaverei -- hatte in Russland seit der Kiewer Rus im elften Jahrhundert in verschiedenen Formen existiert. Im Laufe der wurde die Leibeigenschaft mehreren Reformen und Veränderungen unterworfen, aber erste Schritte in Richtung einer vollständigen Abschaffungen wurden erst in den 1810er Jahren unternommen, als die Leibeigenschaft in den russischen Domänen Kurland, Estland und Livland abgeschafft wurde. Im restlichen Russland wurde sie erst während der Herrschaft von Zar Alexander II. im Zuge der Agrarreform von 1861 abgeschafft. Der Zar befürchtete damals, dass sich die russischen Bauern ansonsten ihre Freiheit durch eine offene Revolution holen würden.;;La institución de la servidumbre, que consiste en el trabajo en granjas vinculado a la tierra de un noble local, en la práctica una forma de esclavitud feudal, había existido bajo diversas fórmulas en Rusia desde la época de los rus de Kiev, en el siglo XI. A lo largo de las eras, la institución había experimentado varios cambios y reformas, pero los primeros pasos hacia su abolición real no se dieron hasta la década de 1810, cuando la institución fue eliminada en los dominios rusos de Curlandia, Estonia y Livonia. El fin de la institución no llegó hasta la reforma agraria de 1861, durante el reinado del zar Alejandro II, que en ese momento temía que si no ocurría así, el campesinado ruso buscaría su liberación a través de la revolución abierta.;;;;;;;;;x
Enact_title;Free labor for the state ;Le système de servage, une main-d'œuvre privée de liberté rattachée aux terres d'un noble local, une forme d'esclavage féodal, a existé en Russie depuis la Rus' de Kiev du XIe siècle. Au fil du temps, ce système a fait l'objet de plusieurs réformes et évolutions, mais les premières mesures d'abolition ne furent prises que dans les années 1810, époque à laquelle il fut aboli dans les domaines russes du Kurland, d'Estonie et de Livonie. Il fallut attendre la réforme agraire de 1861 pour voir l'abolition totale de ce système, sous le règne du tsar Alexandre II qui craignait, à l'époque, un soulèvement de la paysannerie russe.;Die Einführung der Leibeigenschaft -- unfreie Landarbeit auf den Ländereien eines lokalen Adligen, also eine Art feudaler Sklaverei -- hatte in Russland seit der Kiewer Rus im elften Jahrhundert in verschiedenen Formen existiert. Im Laufe der wurde die Leibeigenschaft mehreren Reformen und Veränderungen unterworfen, aber erste Schritte in Richtung einer vollständigen Abschaffungen wurden erst in den 1810er Jahren unternommen, als die Leibeigenschaft in den russischen Domänen Kurland, Estland und Livland abgeschafft wurde. Im restlichen Russland wurde sie erst während der Herrschaft von Zar Alexander II. im Zuge der Agrarreform von 1861 abgeschafft. Der Zar befürchtete damals, dass sich die russischen Bauern ansonsten ihre Freiheit durch eine offene Revolution holen würden.;;La institución de la servidumbre, que consiste en el trabajo en granjas vinculado a la tierra de un noble local, en la práctica una forma de esclavitud feudal, había existido bajo diversas fórmulas en Rusia desde la época de los rus de Kiev, en el siglo XI. A lo largo de las eras, la institución había experimentado varios cambios y reformas, pero los primeros pasos hacia su abolición real no se dieron hasta la década de 1810, cuando la institución fue eliminada en los dominios rusos de Curlandia, Estonia y Livonia. El fin de la institución no llegó hasta la reforma agraria de 1861, durante el reinado del zar Alejandro II, que en ese momento temía que si no ocurría así, el campesinado ruso buscaría su liberación a través de la revolución abierta.;;;;;;;;;x
Enact_desc;Country need you work free for its glory;Le système de servage, une main-d'œuvre privée de liberté rattachée aux terres d'un noble local, une forme d'esclavage féodal, a existé en Russie depuis la Rus' de Kiev du XIe siècle. Au fil du temps, ce système a fait l'objet de plusieurs réformes et évolutions, mais les premières mesures d'abolition ne furent prises que dans les années 1810, époque à laquelle il fut aboli dans les domaines russes du Kurland, d'Estonie et de Livonie. Il fallut attendre la réforme agraire de 1861 pour voir l'abolition totale de ce système, sous le règne du tsar Alexandre II qui craignait, à l'époque, un soulèvement de la paysannerie russe.;Die Einführung der Leibeigenschaft -- unfreie Landarbeit auf den Ländereien eines lokalen Adligen, also eine Art feudaler Sklaverei -- hatte in Russland seit der Kiewer Rus im elften Jahrhundert in verschiedenen Formen existiert. Im Laufe der wurde die Leibeigenschaft mehreren Reformen und Veränderungen unterworfen, aber erste Schritte in Richtung einer vollständigen Abschaffungen wurden erst in den 1810er Jahren unternommen, als die Leibeigenschaft in den russischen Domänen Kurland, Estland und Livland abgeschafft wurde. Im restlichen Russland wurde sie erst während der Herrschaft von Zar Alexander II. im Zuge der Agrarreform von 1861 abgeschafft. Der Zar befürchtete damals, dass sich die russischen Bauern ansonsten ihre Freiheit durch eine offene Revolution holen würden.;;La institución de la servidumbre, que consiste en el trabajo en granjas vinculado a la tierra de un noble local, en la práctica una forma de esclavitud feudal, había existido bajo diversas fórmulas en Rusia desde la época de los rus de Kiev, en el siglo XI. A lo largo de las eras, la institución había experimentado varios cambios y reformas, pero los primeros pasos hacia su abolición real no se dieron hasta la década de 1810, cuando la institución fue eliminada en los dominios rusos de Curlandia, Estonia y Livonia. El fin de la institución no llegó hasta la reforma agraria de 1861, durante el reinado del zar Alejandro II, que en ese momento temía que si no ocurría así, el campesinado ruso buscaría su liberación a través de la revolución abierta.;;;;;;;;;x
provocate_comi_title;Provoke communist rebellion!;La Réforme paysanne;Die Bauernreform;;La reforma de los campesinos;;;;;;;;;;x
provocate_comi_desc;Provoke communist rebellion in enemy country. How to pick country to provoke? Non communist country with relation below -190 will picked. Change relations to select the desired country. ;Le système de servage, une main-d'œuvre privée de liberté rattachée aux terres d'un noble local, une forme d'esclavage féodal, a existé en Russie depuis la Rus' de Kiev du XIe siècle. Au fil du temps, ce système a fait l'objet de plusieurs réformes et évolutions, mais les premières mesures d'abolition ne furent prises que dans les années 1810, époque à laquelle il fut aboli dans les domaines russes du Kurland, d'Estonie et de Livonie. Il fallut attendre la réforme agraire de 1861 pour voir l'abolition totale de ce système, sous le règne du tsar Alexandre II qui craignait, à l'époque, un soulèvement de la paysannerie russe.;Die Einführung der Leibeigenschaft -- unfreie Landarbeit auf den Ländereien eines lokalen Adligen, also eine Art feudaler Sklaverei -- hatte in Russland seit der Kiewer Rus im elften Jahrhundert in verschiedenen Formen existiert. Im Laufe der wurde die Leibeigenschaft mehreren Reformen und Veränderungen unterworfen, aber erste Schritte in Richtung einer vollständigen Abschaffungen wurden erst in den 1810er Jahren unternommen, als die Leibeigenschaft in den russischen Domänen Kurland, Estland und Livland abgeschafft wurde. Im restlichen Russland wurde sie erst während der Herrschaft von Zar Alexander II. im Zuge der Agrarreform von 1861 abgeschafft. Der Zar befürchtete damals, dass sich die russischen Bauern ansonsten ihre Freiheit durch eine offene Revolution holen würden.;;La institución de la servidumbre, que consiste en el trabajo en granjas vinculado a la tierra de un noble local, en la práctica una forma de esclavitud feudal, había existido bajo diversas fórmulas en Rusia desde la época de los rus de Kiev, en el siglo XI. A lo largo de las eras, la institución había experimentado varios cambios y reformas, pero los primeros pasos hacia su abolición real no se dieron hasta la década de 1810, cuando la institución fue eliminada en los dominios rusos de Curlandia, Estonia y Livonia. El fin de la institución no llegó hasta la reforma agraria de 1861, durante el reinado del zar Alejandro II, que en ese momento temía que si no ocurría así, el campesinado ruso buscaría su liberación a través de la revolución abierta.;;;;;;;;;x
provocate_liberals_title;Provoke liberal rebellion!;La Réforme paysanne;Die Bauernreform;;La reforma de los campesinos;;;;;;;;;;x
provocate_liberals_desc;Provoke liberal rebellion in enemy communist country. How to pick country to provoke? Communist country with relation below -190 will picked. Change relations to select the desired country. ;Le système de servage, une main-d'œuvre privée de liberté rattachée aux terres d'un noble local, une forme d'esclavage féodal, a existé en Russie depuis la Rus' de Kiev du XIe siècle. Au fil du temps, ce système a fait l'objet de plusieurs réformes et évolutions, mais les premières mesures d'abolition ne furent prises que dans les années 1810, époque à laquelle il fut aboli dans les domaines russes du Kurland, d'Estonie et de Livonie. Il fallut attendre la réforme agraire de 1861 pour voir l'abolition totale de ce système, sous le règne du tsar Alexandre II qui craignait, à l'époque, un soulèvement de la paysannerie russe.;Die Einführung der Leibeigenschaft -- unfreie Landarbeit auf den Ländereien eines lokalen Adligen, also eine Art feudaler Sklaverei -- hatte in Russland seit der Kiewer Rus im elften Jahrhundert in verschiedenen Formen existiert. Im Laufe der wurde die Leibeigenschaft mehreren Reformen und Veränderungen unterworfen, aber erste Schritte in Richtung einer vollständigen Abschaffungen wurden erst in den 1810er Jahren unternommen, als die Leibeigenschaft in den russischen Domänen Kurland, Estland und Livland abgeschafft wurde. Im restlichen Russland wurde sie erst während der Herrschaft von Zar Alexander II. im Zuge der Agrarreform von 1861 abgeschafft. Der Zar befürchtete damals, dass sich die russischen Bauern ansonsten ihre Freiheit durch eine offene Revolution holen würden.;;La institución de la servidumbre, que consiste en el trabajo en granjas vinculado a la tierra de un noble local, en la práctica una forma de esclavitud feudal, había existido bajo diversas fórmulas en Rusia desde la época de los rus de Kiev, en el siglo XI. A lo largo de las eras, la institución había experimentado varios cambios y reformas, pero los primeros pasos hacia su abolición real no se dieron hasta la década de 1810, cuando la institución fue eliminada en los dominios rusos de Curlandia, Estonia y Livonia. El fin de la institución no llegó hasta la reforma agraria de 1861, durante el reinado del zar Alejandro II, que en ese momento temía que si no ocurría así, el campesinado ruso buscaría su liberación a través de la revolución abierta.;;;;;;;;;x
ExcludeFromSOI_title;Exclude from your SOI.;La Réforme paysanne;Die Bauernreform;;La reforma de los campesinos;;;;;;;;;;x
ExcludeFromSOI_desc;Exclude country from your sphere of influence. How to pick country to exclude? Country with relation below -190 will picked. Change relations to select the desired country.;Le système de servage, une main-d'œuvre privée de liberté rattachée aux terres d'un noble local, une forme d'esclavage féodal, a existé en Russie depuis la Rus' de Kiev du XIe siècle. Au fil du temps, ce système a fait l'objet de plusieurs réformes et évolutions, mais les premières mesures d'abolition ne furent prises que dans les années 1810, époque à laquelle il fut aboli dans les domaines russes du Kurland, d'Estonie et de Livonie. Il fallut attendre la réforme agraire de 1861 pour voir l'abolition totale de ce système, sous le règne du tsar Alexandre II qui craignait, à l'époque, un soulèvement de la paysannerie russe.;Die Einführung der Leibeigenschaft -- unfreie Landarbeit auf den Ländereien eines lokalen Adligen, also eine Art feudaler Sklaverei -- hatte in Russland seit der Kiewer Rus im elften Jahrhundert in verschiedenen Formen existiert. Im Laufe der wurde die Leibeigenschaft mehreren Reformen und Veränderungen unterworfen, aber erste Schritte in Richtung einer vollständigen Abschaffungen wurden erst in den 1810er Jahren unternommen, als die Leibeigenschaft in den russischen Domänen Kurland, Estland und Livland abgeschafft wurde. Im restlichen Russland wurde sie erst während der Herrschaft von Zar Alexander II. im Zuge der Agrarreform von 1861 abgeschafft. Der Zar befürchtete damals, dass sich die russischen Bauern ansonsten ihre Freiheit durch eine offene Revolution holen würden.;;La institución de la servidumbre, que consiste en el trabajo en granjas vinculado a la tierra de un noble local, en la práctica una forma de esclavitud feudal, había existido bajo diversas fórmulas en Rusia desde la época de los rus de Kiev, en el siglo XI. A lo largo de las eras, la institución había experimentado varios cambios y reformas, pero los primeros pasos hacia su abolición real no se dieron hasta la década de 1810, cuando la institución fue eliminada en los dominios rusos de Curlandia, Estonia y Livonia. El fin de la institución no llegó hasta la reforma agraria de 1861, durante el reinado del zar Alejandro II, que en ese momento temía que si no ocurría así, el campesinado ruso buscaría su liberación a través de la revolución abierta.;;;;;;;;;x
FreeVassal_title;Free your vassal.;La Réforme paysanne;Die Bauernreform;;La reforma de los campesinos;;;;;;;;;;x
FreeVassal_desc;Free your vassal or substate. How to pick vassal to release? Vassal or substate with relation below -190 will picked. Change relations to select the desired country.;Le système de servage, une main-d'œuvre privée de liberté rattachée aux terres d'un noble local, une forme d'esclavage féodal, a existé en Russie depuis la Rus' de Kiev du XIe siècle. Au fil du temps, ce système a fait l'objet de plusieurs réformes et évolutions, mais les premières mesures d'abolition ne furent prises que dans les années 1810, époque à laquelle il fut aboli dans les domaines russes du Kurland, d'Estonie et de Livonie. Il fallut attendre la réforme agraire de 1861 pour voir l'abolition totale de ce système, sous le règne du tsar Alexandre II qui craignait, à l'époque, un soulèvement de la paysannerie russe.;Die Einführung der Leibeigenschaft -- unfreie Landarbeit auf den Ländereien eines lokalen Adligen, also eine Art feudaler Sklaverei -- hatte in Russland seit der Kiewer Rus im elften Jahrhundert in verschiedenen Formen existiert. Im Laufe der wurde die Leibeigenschaft mehreren Reformen und Veränderungen unterworfen, aber erste Schritte in Richtung einer vollständigen Abschaffungen wurden erst in den 1810er Jahren unternommen, als die Leibeigenschaft in den russischen Domänen Kurland, Estland und Livland abgeschafft wurde. Im restlichen Russland wurde sie erst während der Herrschaft von Zar Alexander II. im Zuge der Agrarreform von 1861 abgeschafft. Der Zar befürchtete damals, dass sich die russischen Bauern ansonsten ihre Freiheit durch eine offene Revolution holen würden.;;La institución de la servidumbre, que consiste en el trabajo en granjas vinculado a la tierra de un noble local, en la práctica una forma de esclavitud feudal, había existido bajo diversas fórmulas en Rusia desde la época de los rus de Kiev, en el siglo XI. A lo largo de las eras, la institución había experimentado varios cambios y reformas, pero los primeros pasos hacia su abolición real no se dieron hasta la década de 1810, cuando la institución fue eliminada en los dominios rusos de Curlandia, Estonia y Livonia. El fin de la institución no llegó hasta la reforma agraria de 1861, durante el reinado del zar Alejandro II, que en ese momento temía que si no ocurría así, el campesinado ruso buscaría su liberación a través de la revolución abierta.;;;;;;;;;x
DestroyEnemyIndystry_title;Destroy enemy industry.;La Réforme paysanne;Die Bauernreform;;La reforma de los campesinos;;;;;;;;;;x
DestroyEnemyIndystry_desc;Destroy enemy industry on occupied lands. ;Le système de servage, une main-d'œuvre privée de liberté rattachée aux terres d'un noble local, une forme d'esclavage féodal, a existé en Russie depuis la Rus' de Kiev du XIe siècle. Au fil du temps, ce système a fait l'objet de plusieurs réformes et évolutions, mais les premières mesures d'abolition ne furent prises que dans les années 1810, époque à laquelle il fut aboli dans les domaines russes du Kurland, d'Estonie et de Livonie. Il fallut attendre la réforme agraire de 1861 pour voir l'abolition totale de ce système, sous le règne du tsar Alexandre II qui craignait, à l'époque, un soulèvement de la paysannerie russe.;Die Einführung der Leibeigenschaft -- unfreie Landarbeit auf den Ländereien eines lokalen Adligen, also eine Art feudaler Sklaverei -- hatte in Russland seit der Kiewer Rus im elften Jahrhundert in verschiedenen Formen existiert. Im Laufe der wurde die Leibeigenschaft mehreren Reformen und Veränderungen unterworfen, aber erste Schritte in Richtung einer vollständigen Abschaffungen wurden erst in den 1810er Jahren unternommen, als die Leibeigenschaft in den russischen Domänen Kurland, Estland und Livland abgeschafft wurde. Im restlichen Russland wurde sie erst während der Herrschaft von Zar Alexander II. im Zuge der Agrarreform von 1861 abgeschafft. Der Zar befürchtete damals, dass sich die russischen Bauern ansonsten ihre Freiheit durch eine offene Revolution holen würden.;;La institución de la servidumbre, que consiste en el trabajo en granjas vinculado a la tierra de un noble local, en la práctica una forma de esclavitud feudal, había existido bajo diversas fórmulas en Rusia desde la época de los rus de Kiev, en el siglo XI. A lo largo de las eras, la institución había experimentado varios cambios y reformas, pero los primeros pasos hacia su abolición real no se dieron hasta la década de 1810, cuando la institución fue eliminada en los dominios rusos de Curlandia, Estonia y Livonia. El fin de la institución no llegó hasta la reforma agraria de 1861, durante el reinado del zar Alejandro II, que en ese momento temía que si no ocurría así, el campesinado ruso buscaría su liberación a través de la revolución abierta.;;;;;;;;;x
comi_coup_title;Communist coup.;La Réforme paysanne;Die Bauernreform;;La reforma de los campesinos;;;;;;;;;;x
comi_coup_desc;Organize pro communist military coup. Prepare strong army to fight with pissed-off citizens. It will be difficult. ;Le système de servage, une main-d'œuvre privée de liberté rattachée aux terres d'un noble local, une forme d'esclavage féodal, a existé en Russie depuis la Rus' de Kiev du XIe siècle. Au fil du temps, ce système a fait l'objet de plusieurs réformes et évolutions, mais les premières mesures d'abolition ne furent prises que dans les années 1810, époque à laquelle il fut aboli dans les domaines russes du Kurland, d'Estonie et de Livonie. Il fallut attendre la réforme agraire de 1861 pour voir l'abolition totale de ce système, sous le règne du tsar Alexandre II qui craignait, à l'époque, un soulèvement de la paysannerie russe.;Die Einführung der Leibeigenschaft -- unfreie Landarbeit auf den Ländereien eines lokalen Adligen, also eine Art feudaler Sklaverei -- hatte in Russland seit der Kiewer Rus im elften Jahrhundert in verschiedenen Formen existiert. Im Laufe der wurde die Leibeigenschaft mehreren Reformen und Veränderungen unterworfen, aber erste Schritte in Richtung einer vollständigen Abschaffungen wurden erst in den 1810er Jahren unternommen, als die Leibeigenschaft in den russischen Domänen Kurland, Estland und Livland abgeschafft wurde. Im restlichen Russland wurde sie erst während der Herrschaft von Zar Alexander II. im Zuge der Agrarreform von 1861 abgeschafft. Der Zar befürchtete damals, dass sich die russischen Bauern ansonsten ihre Freiheit durch eine offene Revolution holen würden.;;La institución de la servidumbre, que consiste en el trabajo en granjas vinculado a la tierra de un noble local, en la práctica una forma de esclavitud feudal, había existido bajo diversas fórmulas en Rusia desde la época de los rus de Kiev, en el siglo XI. A lo largo de las eras, la institución había experimentado varios cambios y reformas, pero los primeros pasos hacia su abolición real no se dieron hasta la década de 1810, cuando la institución fue eliminada en los dominios rusos de Curlandia, Estonia y Livonia. El fin de la institución no llegó hasta la reforma agraria de 1861, durante el reinado del zar Alejandro II, que en ese momento temía que si no ocurría así, el campesinado ruso buscaría su liberación a través de la revolución abierta.;;;;;;;;;x
fashi_coup_title;Fascist coup.;La Réforme paysanne;Die Bauernreform;;La reforma de los campesinos;;;;;;;;;;x
fashi_coup_desc;Organize pro fascist military coup. Prepare strong army to fight with pissed-off citizens. It will be very hot. ;Le système de servage, une main-d'œuvre privée de liberté rattachée aux terres d'un noble local, une forme d'esclavage féodal, a existé en Russie depuis la Rus' de Kiev du XIe siècle. Au fil du temps, ce système a fait l'objet de plusieurs réformes et évolutions, mais les premières mesures d'abolition ne furent prises que dans les années 1810, époque à laquelle il fut aboli dans les domaines russes du Kurland, d'Estonie et de Livonie. Il fallut attendre la réforme agraire de 1861 pour voir l'abolition totale de ce système, sous le règne du tsar Alexandre II qui craignait, à l'époque, un soulèvement de la paysannerie russe.;Die Einführung der Leibeigenschaft -- unfreie Landarbeit auf den Ländereien eines lokalen Adligen, also eine Art feudaler Sklaverei -- hatte in Russland seit der Kiewer Rus im elften Jahrhundert in verschiedenen Formen existiert. Im Laufe der wurde die Leibeigenschaft mehreren Reformen und Veränderungen unterworfen, aber erste Schritte in Richtung einer vollständigen Abschaffungen wurden erst in den 1810er Jahren unternommen, als die Leibeigenschaft in den russischen Domänen Kurland, Estland und Livland abgeschafft wurde. Im restlichen Russland wurde sie erst während der Herrschaft von Zar Alexander II. im Zuge der Agrarreform von 1861 abgeschafft. Der Zar befürchtete damals, dass sich die russischen Bauern ansonsten ihre Freiheit durch eine offene Revolution holen würden.;;La institución de la servidumbre, que consiste en el trabajo en granjas vinculado a la tierra de un noble local, en la práctica una forma de esclavitud feudal, había existido bajo diversas fórmulas en Rusia desde la época de los rus de Kiev, en el siglo XI. A lo largo de las eras, la institución había experimentado varios cambios y reformas, pero los primeros pasos hacia su abolición real no se dieron hasta la década de 1810, cuando la institución fue eliminada en los dominios rusos de Curlandia, Estonia y Livonia. El fin de la institución no llegó hasta la reforma agraria de 1861, durante el reinado del zar Alejandro II, que en ese momento temía que si no ocurría así, el campesinado ruso buscaría su liberación a través de la revolución abierta.;;;;;;;;;x
DemandPassage_title;Demand passage for our armies. ;La Réforme paysanne;Die Bauernreform;;La reforma de los campesinos;;;;;;;;;;x
DemandPassage_desc;Demand passage from some country. How to pick country to demand? Country with relation below -190 will picked. Change relations to select the desired country. If they refuse our proposition We will gain war CB. ;Le système de servage, une main-d'œuvre privée de liberté rattachée aux terres d'un noble local, une forme d'esclavage féodal, a existé en Russie depuis la Rus' de Kiev du XIe siècle. Au fil du temps, ce système a fait l'objet de plusieurs réformes et évolutions, mais les premières mesures d'abolition ne furent prises que dans les années 1810, époque à laquelle il fut aboli dans les domaines russes du Kurland, d'Estonie et de Livonie. Il fallut attendre la réforme agraire de 1861 pour voir l'abolition totale de ce système, sous le règne du tsar Alexandre II qui craignait, à l'époque, un soulèvement de la paysannerie russe.;Die Einführung der Leibeigenschaft -- unfreie Landarbeit auf den Ländereien eines lokalen Adligen, also eine Art feudaler Sklaverei -- hatte in Russland seit der Kiewer Rus im elften Jahrhundert in verschiedenen Formen existiert. Im Laufe der wurde die Leibeigenschaft mehreren Reformen und Veränderungen unterworfen, aber erste Schritte in Richtung einer vollständigen Abschaffungen wurden erst in den 1810er Jahren unternommen, als die Leibeigenschaft in den russischen Domänen Kurland, Estland und Livland abgeschafft wurde. Im restlichen Russland wurde sie erst während der Herrschaft von Zar Alexander II. im Zuge der Agrarreform von 1861 abgeschafft. Der Zar befürchtete damals, dass sich die russischen Bauern ansonsten ihre Freiheit durch eine offene Revolution holen würden.;;La institución de la servidumbre, que consiste en el trabajo en granjas vinculado a la tierra de un noble local, en la práctica una forma de esclavitud feudal, había existido bajo diversas fórmulas en Rusia desde la época de los rus de Kiev, en el siglo XI. A lo largo de las eras, la institución había experimentado varios cambios y reformas, pero los primeros pasos hacia su abolición real no se dieron hasta la década de 1810, cuando la institución fue eliminada en los dominios rusos de Curlandia, Estonia y Livonia. El fin de la institución no llegó hasta la reforma agraria de 1861, durante el reinado del zar Alejandro II, que en ese momento temía que si no ocurría así, el campesinado ruso buscaría su liberación a través de la revolución abierta.;;;;;;;;;x
BLR;Belorussia;OK;OK;OK;Aceptar;OK;Rendben;OK;;;;;;x
BLR_ADJ;Belorussian;OK;OK;OK;Aceptar;OK;Rendben;OK;;;;;;x
EVTNAME999981;System event.I recommend disable non-major event popup in message settings;OK;OK;OK;Aceptar;OK;Rendben;OK;;;;;;x
EVTDESC999981;Checks slavery issues.;OK;OK;OK;Aceptar;OK;Rendben;OK;;;;;;x
EVTNAME999982;End of $FROMCOUNTRY_ADJ$ age.;OK;OK;OK;Aceptar;OK;Rendben;OK;;;;;;x
EVTDESC999982;$FROMCOUNTRY$ ends its existence.;OK;OK;OK;Aceptar;OK;Rendben;OK;;;;;;x
EVTNAME999983;$FROMCOUNTRY_ADJ$ colonies will rise.;OK;OK;OK;Aceptar;OK;Rendben;OK;;;;;;x
EVTDESC999983;As $FROMCOUNTRY$ was occupied all $FROMCOUNTRY_ADJ$ colonies will rise.;OK;OK;OK;Aceptar;OK;Rendben;OK;;;;;;x
EVTNAME999984;End of Empire.;OK;OK;OK;Aceptar;OK;Rendben;OK;;;;;;x
EVTDESC999984;$FROMCOUNTRY$ decided to finish our Empire.;OK;OK;OK;Aceptar;OK;Rendben;OK;;;;;;x
EVTNAME999985;Free pupets.;OK;OK;OK;Aceptar;OK;Rendben;OK;;;;;;x
EVTDESC999985;$FROMCOUNTRY$ decided to free pupets on our land. They will pay for it! ;OK;OK;OK;Aceptar;OK;Rendben;OK;;;;;;x
EVTNAME999986;Free country.;OK;OK;OK;Aceptar;OK;Rendben;OK;;;;;;x
EVTDESC999986;If everything goes well $COUNTRY$ will get freedom. ;OK;OK;OK;Aceptar;OK;Rendben;OK;;;;;;x
EVTNAME999989;Common initilization.;OK;OK;OK;Aceptar;OK;Rendben;OK;;;;;;x
EVTDESC999989;Just it;OK;OK;OK;Aceptar;OK;Rendben;OK;;;;;;x
EVTNAME999990;$COUNTRY_ADJ$ goverment fall down.;OK;OK;OK;Aceptar;OK;Rendben;OK;;;;;;x
EVTDESC999990;Due to recent defeat $COUNTRY$ will join COMINTERN.;OK;OK;OK;Aceptar;OK;Rendben;OK;;;;;;x
EVTNAME999991;$FROMCOUNTRY$ collapsed.;OK;OK;OK;Aceptar;OK;Rendben;OK;;;;;;x
EVTDESC999991;Occupation goverment of $FROMCOUNTRY$ decided give freedom to enslaved people and estable new goverment of free $FROMCOUNTRY$. ;OK;OK;OK;Aceptar;OK;Rendben;OK;;;;;;x
EVTNAME999992;$FROMCOUNTRY$ loose SOI.;OK;OK;OK;Aceptar;OK;Rendben;OK;;;;;;x
EVTDESC999992;Due to goverment fall in  $FROMCOUNTRY$ their SOI doesnot exist anymore.;OK;OK;OK;Aceptar;OK;Rendben;OK;;;;;;x
EVTNAME999993;$FROMCOUNTRY$ loose all pupets.;OK;OK;OK;Aceptar;OK;Rendben;OK;;;;;;x
EVTDESC999993;Due to goverment fall in  $FROMCOUNTRY$ their pupets got freedom.;OK;OK;OK;Aceptar;OK;Rendben;OK;;;;;;x
EVTNAME999994;$COUNTRY_ADJ$ communist fall down.;OK;OK;OK;Aceptar;OK;Rendben;OK;;;;;;x
EVTDESC999994;Occupation goverment of $COUNTRY$ estable new  goverment of free $COUNTRY$. Communism was never work.;OK;OK;OK;Aceptar;OK;Rendben;OK;;;;;;x
EVTNAME999995;$COUNTRY_ADJ$ communst fall down.;OK;OK;OK;Aceptar;OK;Rendben;OK;;;;;;x
EVTDESC999995;Due to recent defeat $COUNTRY_ADJ$ communists were driven away and occupation goverment will rule  here. Communism was never work. ;OK;OK;OK;Aceptar;OK;Rendben;OK;;;;;;x
EVTNAME999996;$COUNTRY_ADJ$ fascist fall down.;OK;OK;OK;Aceptar;OK;Rendben;OK;;;;;;x
EVTDESC999996;Due to recent defeat $COUNTRY_ADJ$ fascist were driven away and occupation goverment will rule  here. Nazism is a such bad thing.;OK;OK;OK;Aceptar;OK;Rendben;OK;;;;;;x
EVTNAME999997;$FROMCOUNTRY_ADJ$ revolt.;OK;OK;OK;Aceptar;OK;Rendben;OK;;;;;;x
EVTDESC999997;§Y$COUNTRY$§W lets establish union;OK;OK;OK;Aceptar;OK;Rendben;OK;;;;;;x
EVTNAME999998;test.;OK;OK;OK;Aceptar;OK;Rendben;OK;;;;;;x
EVTDESC999998;;OK;OK;OK;Aceptar;OK;Rendben;OK;;;;;;x
EVTNAME999999;§Y$COUNTRY$§W repression.;OK;OK;OK;Aceptar;OK;Rendben;OK;;;;;;x
EVTDESC999999;§Y$COUNTRY$§W repressed some people in their country. Who  cares?;OK;OK;OK;Aceptar;OK;Rendben;OK;;;;;;x
EVTOPTA999999;New repression wave in §Y$COUNTRY$§W.;OK;OK;OK;Aceptar;OK;Rendben;OK;;;;;;x
EVTNAME999980;$COUNTRY$ forced  to stop war.;OK;OK;OK;Aceptar;OK;Rendben;OK;;;;;;x
EVTDESC999980;$FROMCOUNTRY$ forced $COUNTRY$ to stop war with their friends.;OK;OK;OK;Aceptar;OK;Rendben;OK;;;;;;x
EVTNAME999979;Industry destruction in $COUNTRY$.;OK;OK;OK;Aceptar;OK;Rendben;OK;;;;;;x
EVTDESC999979;$FROMCOUNTRY$ destroyed industry in provinces occupied by $FROMCOUNTRY$.;OK;OK;OK;Aceptar;OK;Rendben;OK;;;;;;x
EVTNAME999988;$FROMCOUNTRY_ADJ$ provocation found!;OK;OK;OK;Aceptar;OK;Rendben;OK;;;;;;x
EVTNAME999987;Its happened!;OK;OK;OK;Aceptar;OK;Rendben;OK;;;;;;x
EVTDESC999987;Its happened! Whatever it is.;OK;OK;OK;Aceptar;OK;Rendben;OK;;;;;;x
EVTNAME999978;$COUNTRY_ADJ$ armies destroyed.;OK;OK;OK;Aceptar;OK;Rendben;OK;;;;;;x
EVTDESC999978;Due to recent defeat $COUNTRY_ADJ$ goverment forced to be quiet. ;OK;OK;OK;Aceptar;OK;Rendben;OK;;;;;;x
EVTNAME999977;$COUNTRY$ gain uninstall communism CB.;OK;OK;OK;Aceptar;OK;Rendben;OK;;;;;;x
EVTDESC999977;$COUNTRY$ must overthrow communist goverment of $FROMCOUNTRY$;OK;OK;OK;Aceptar;OK;Rendben;OK;;;;;;x
EVTNAME999976;Communist aggression;OK;OK;OK;Aceptar;OK;Rendben;OK;;;;;;x
EVTDESC999976;Revolutionary hordes will try to overthrow our lifestyle;OK;OK;OK;Aceptar;OK;Rendben;OK;;;;;;x
EVTNAME999975;Fascist aggression;OK;OK;OK;Aceptar;OK;Rendben;OK;;;;;;x
EVTDESC999975;Fascists attacked us aiming to provide extra space for the growth of their population;OK;OK;OK;Aceptar;OK;Rendben;OK;;;;;;x
EVTNAME999974;War declared.;OK;OK;OK;Aceptar;OK;Rendben;OK;;;;;;x
EVTDESC999974;$COUNTRY$ attacking $FROMCOUNTRY$;OK;OK;OK;Aceptar;OK;Rendben;OK;;;;;;x
EVTNAME999973;$FROMCOUNTRY_ADJ$ ultimatum received.;OK;OK;OK;Aceptar;OK;Rendben;OK;;;;;;x
EVTDESC999973;$FROMCOUNTRY$ demand military passage from $COUNTRY$. ;OK;OK;OK;Aceptar;OK;Rendben;OK;;;;;;x
EVTOPTA999973;$COUNTRY$ grant military access to $FROMCOUNTRY$.;OK;OK;OK;Aceptar;OK;Rendben;OK;;;;;;x
EVTOPTB999973;No you dont. $COUNTRY$ rejected $FROMCOUNTRY_ADJ$ ultimatum. ;OK;OK;OK;Aceptar;OK;Rendben;OK;;;;;;x
EVTNAME999971;Democracy on the march;OK;OK;OK;Aceptar;OK;Rendben;OK;;;;;;x
EVTDESC999971;...;OK;OK;OK;Aceptar;OK;Rendben;OK;;;;;;x
EVTNAME999970;War ended;OK;OK;OK;Aceptar;OK;Rendben;OK;;;;;;x
EVTDESC999970;$COUNTRY$ shall be at the mercy of the winner.;OK;OK;OK;Aceptar;OK;Rendben;OK;;;;;;x
EVTNAME999969;The Scramble for Africa;OK;OK;OK;Aceptar;OK;Rendben;OK;;;;;;x
EVTDESC999969;Some GP wants to colonize our lands.;OK;OK;OK;Aceptar;OK;Rendben;OK;;;;;;x
AntiCommunistIntervention;Uninstall Communism;;;;;;;;;;;;;x
AntiCommunistIntervention_desc;Uninstall the communist government, enslaved people get freedom, pay reparation and disarm.;;;;;;;;;;;;;x
AntiCommunistIntervention_short;Uninstall communism;;;;;;;;;;;;;x
AntiCommunistIntervention_setup;Uninstall the communist government, enslaved people get freedom, pay reparation and disarm.;OK;OK;OK;Aceptar;OK;Rendben;OK;;;;;;x
StopBrownPlague;Uninstall fascism;;;;;;;;;;;;;x
StopBrownPlague_desc;Uninstall the fascist government, enslaved people get freedom, pay reparation and disarm.;;;;;;;;;;;;;x
StopBrownPlague_short;Uninstall fascism;;;;;;;;;;;;;x
StopBrownPlague_setup;Uninstall the fascist government, all enslaved people get their freedom, pay reparation and disarm..;OK;OK;OK;Aceptar;OK;Rendben;OK;;;;;;x
LivingSpace;Living Space;;;;;;;;;;;;;x
LivingSpace_desc;Our people needs more space for living. So, lets take it!;;;;;;;;;;;;;x
LivingSpace_short;Living Space;;;;;;;;;;;;;x
LivingSpace_setup;Our people needs more space for living. So, lets take it!;OK;OK;OK;Aceptar;OK;Rendben;OK;;;;;;x
WorldRevolt;World communist revolution;;;;;;;;;;;;;x
WorldRevolt_desc;World communist revolution is only future we want. Defeated will join COMINTERN.;;;;;;;;;;;;;x
WorldRevolt_short;World communist revolution;;;;;;;;;;;;;x
WorldRevolt_setup;World communist revolution is only future we want. Defeated will join COMINTERN.;OK;OK;OK;Aceptar;OK;Rendben;OK;;;;;;x
reparation;War cost compensation;;;;;;;;;;;;;x
reparation_desc;Demand war cost compensation.;;;;;;;;;;;;;x
reparation_short;War cost compensation;;;;;;;;;;;;;x
reparation_setup;Demand war cost compensation.;OK;OK;OK;Aceptar;OK;Rendben;OK;;;;;;x
stop_war;Stop war;;;;;;;;;;;;;x
stop_war_desc;Stop fighting with my fiends.;;;;;;;;;;;;;x
stop_war_short;Stop war;;;;;;;;;;;;;x
stop_war_setup;Stop fighting with my fiends.;OK;OK;OK;Aceptar;OK;Rendben;OK;;;;;;x
EVTOPTC70000;Extend slavery & convert to colony;;;;;;;;;;;;;x
EVTOPTD70000;Do not extend slavery & convert to colony;;;;;;;;;;;;;x
EVTNAME70000;Decide the future of $STATE$!;OK;OK;OK;Aceptar;OK;Rendben;OK;;;;;;x
EVTDESC70000;Another astounding victory for $COUNTRY$ today, as it has now become clear that $STATE$ will be taken up into the $COUNTRY_ADJ$ patrimony. \n What we need decide now is what the future awaits this land. \n (Notice that slavery thing will work only if slavery allowed.) ;Encore une victoire stupéfiante pour $COUNTRY$ aujourd'hui, comme il est maintenant devenu clair que $STATE$ sera, comme cela été attendu depuis un certain temps, repris dans le patrimoine $COUNTRY_ADJ$ avec tous les droits d'un Etat national. Un point qui reste à régler est, cependant, la question de l'esclavage. L'esclavage ne peut être étendu dans notre pays, et la question sur la table est de savoir si nous souhaitons proroger l'institution de $STATE$, ou non ? ;Heute hat $COUNTRY$ einen weiteren beeindruckenden Sieg erreicht, da nun feststeht, dass $STATE$, wie bereits seit einiger Zeit erwartet wurde, mit vollen Rechten nationaler Eigenstaatlichkeit in das $COUNTRY_ADJ$ Patrimonium aufgenommen werden wird. Die Sklaverei stellt das einzig noch verbleibende Problem dar. Die Sklaverei könnte in unserem Land weiter verbreitet werden, und die Frage ist, ob wir ihre Institution auf $STATE$ ausdehnen sollen oder nicht.;;Hoy se ha producido otra asombrosa victoria para $COUNTRY$, pues ya ha quedado claro que, como ya se venía esperando, $STATE$ pasará a formar parte de la nación $COUNTRY_ADJ$ con plenos derechos y condición de estado nacional. Sin embargo, una cuestión que todavía queda por zanjar es el asunto de la esclavitud. La esclavitud puede expandirse por nuestro país, y la cuestión sobre la mesa es si queremos que la institución abarque a $STATE$, o no?;;;;;;;;;x
NNN;Never land - just ignore it;;;;;;;;;;;;;x
EVTNAME999967;Finished state to colony convert.;;;;;;;;;;;;;x
EVTDESC999967;People in colonies have not rights to: vote, industry producing, social gains.;;;;;;;;;;;;;x
WW1_NAME;World War I;;;;;;;;;;;;;x
WW1_DESC;The World is on the brink of war. Europe is set in two alliaces, the Central Powers of Austria-Hungary and Germany, and the Triple Entente of Great Britain, France, and Russia. In the Americas, Mexico is in turmoil. The USA is a power on the rise, with a strong leader in Woodrow Wilson, and a booming economy. In Asia, Japan is another rising power, seeking to impose its rule and increase its colonial holdings across Asia. Russia is the bear of Europe, but has recently been subject to a rebellion brought on by a disasterous war with Japan. They are still a threat to be reckoned with though, as their army is one of the largest, which makes up for its technological and tactical backwardness. Germany is the finest war machine on the planet, but is being dragged down by a fading power, Austria-Hungary. The Balkans, an area full of racial unrest and tension, have almost driven Europe to war in recent years, and may well be the spark that ignites the fire looming on the dawn.;Besoins satisfaits à moins de;Erfüllte Bedürfnisse weniger als;;Necesidades satisfechas a menos de;;;;;;;;x;
british;English;Britannique;Britisch;;Británica;;;;;;;;;x
EVTNAME999968;1914 Initilization continues.;;;;;;;;;;;;;x
EVTDESC999968; ;;;;;;;;;;;;;x
EVTNAME999966;1914 Initilization started.;;;;;;;;;;;;;x
EVTDESC999966; ;;;;;;;;;;;;;x
EVTNAME999965;German minor cores removed.;;;;;;;;;;;;;x
EVTDESC999965;Due to german unification minor german states become rudiment.;;;;;;;;;;;;;x
EVTNAME999964;1914 Initilization finished.;;;;;;;;;;;;;x
EVTDESC999964; ;;;;;;;;;;;;;x
WW14_NAME;WWI started ;;;;;;;;;;;;;x
WW14_DESC;Alpha vesion ;;;;;;;;;;;;;x
EVTNAME999963;Revolutionary Army;;;;;;;;;;;;;x
EVTDESC999963;We are not communists any more. Revolutionary Army disbanded;;;;;;;;;;;;;x
EVTNAME999962;$COUNTRY$ decides future of marionet governments created by them.;;;;;;;;;;;;;x
EVTDESC999962;Shuld we annex them or not? They are our prey.;;;;;;;;;;;;;x
OPTA999962;Annex them;;;;;;;;;;;;;x
OPTB999962;Keep it as is;;;;;;;;;;;;;x
EVTNAME999961;Age of decolonization;;;;;;;;;;;;;x
EVTDESC999961;After World War II, the colonized people were frustrated at their status. This will result in massive liberation movements;;;;;;;;;;;;;x
EVTNAME999960;Setup;;;;;;;;;;;;;x
EVTDESC999960;Just it;;;;;;;;;;;;;x
EVTNAME999959;Brown plague;;;;;;;;;;;;;x
EVTDESC999959;We are not fascists any more. Our country wii be demilitarized;;;;;;;;;;;;;x
heavy_industry_focus;Heavy industry;;;;;;;;;;;;;x
consumer_goods_focus;Consumer goods;;;;;;;;;;;;;x
immigration_colonization_focus;Immigration & colonization;;;;;;;;;;;;;x
inner_immigration;Inner migration;;;;;;;;;;;;;x
mechanical_industry_focus;Mechanical industry;;;;;;;;;;;;;x
oil_focus;Oil industry;;;;;;;;;;;;;x
new_armaments_focus;New armaments;;;;;;;;;;;;;x
furniture_focus;Furniture industry;;;;;;;;;;;;;x
bottling_focus;Bottling industry;;;;;;;;;;;;;x