acquire_all_cores;Acquire All Cores;;;;;;;;;;;;;x,,,,,,,,
acquire_all_cores_short;Acquire all cores from $RECIPIENT$;;;;;;;;;;;;;x,,,,,,,,
acquire_all_cores_setup;Acquire all core provinces from $RECIPIENT$;;;;;;;;;;;;;x,,,,,,,,
acquire_all_cores_desc;Acquire all enemy §Ystates§W where we have §Ycore provinces§W;;;;;;;;;;;;;x,,,,,,,,
acquire_core_state;Acquire core;Prendre territoire clé;Kernprovinzregion erobern;;Adquirir núcleo;;;;;;;;;x;;;;,,,,,,,,
acquire_core_state_desc;Aquire an enemy §Ystate§W where we have §Ycore provinces§W;Prendre un §YÉtat§W ennemi où nous avons des §Yprovinces principales§W;Erobern Sie einen feindlichen §YStaat§W, in dem wir §YKernprovinzen§W haben.;;Adquirir un §Yestado§W enemigo donde tenemos §Yprovincias núcleo§W;;;;;;;;;x,,,,,,,
acquire_core_state_short;Acquire $STATE$; Prendre le territoire clé de $STATE$;Kernprovinzregion $STATE$ erobern;;Adquirir $STATE$;;;;;;;;;x;;;;,,,,,,,,
acquire_core_state_setup;Acquire core $STATE$ from $RECIPIENT$;Prendre territoire clé $STATE$ à $RECIPIENT$;Kernprovinzregion $STATE$ von $RECIPIENT$ erobern.;;Adquirir el núcleo de $STATE$ de manos de $RECIPIENT$;;;;;;;;;x;;;;,,,,,,,,
acquire_state;Acquire state;Prendre un état;Region erobern;;Adquirir estado;;;;;;;;;x;;;;,,,,,,,,
acquire_state_desc;Aquire an enemy §Ystate§W;Prendre un §YÉtat§W ennemi;Erobern Sie einen feindlichen §YStaat§W.;;Adquirir un §Yestado§W enemigo;;;;;;;;;x,,,,,,,,
acquire_state_short;Acquire $STATE$; Prendre l'État de $STATE$;$STATE$ erobern;;Adquirir $STATE$;;;;;;;;;x;;;;,,,,,,,,
acquire_state_setup;Acquire $STATE$ from $RECIPIENT$;Prendre $STATE$ à $RECIPIENT$;$STATE$ von $RECIPIENT$ erobern.;;Adquirir $STATE$ de manos de $RECIPIENT$;;;;;;;;;x;;;;,,,,,,,,
acquire_substate_region;Acquire substate region;Acquérir une région comme Sous-État;Beschafft eine Unterstaatsregion;;;;;;;;;;;x,,,,,,,,
acquire_substate_region_desc;Acquire a region from enemy §Ysubstate§W;Acquérir une région d'un §YSous-État§W ennemi;Beschafft eine Region des Feindes §Ysubstate§W;;;;;;;;;;;x,,,,,,,,
acquire_substate_region_short;Acquire $STATE$;Prendre $STATE$;$STATE$ erobern;;Adquirir $STATE$;;;;;;;;;x,,,,,,,,
acquire_substate_region_setup;Acquire $STATE$ from $RECIPIENT$;Prendre $STATE$ de $RECIPIENT$;$STATE$ von $RECIPIENT$ erobern.;;Adquirir $STATE$ de manos de $RECIPIENT$;;;;;;;;;x,,,,,,,,
add_to_sphere;Add to Sphere;ajouter à la sphère;In Einflusssphäre aufnehmen;;Añadir a esfera;;;;;;;;;x;;;;,,,,,,,,
add_to_sphere_desc;Add country to our §YSphere of Influence§W;Ajouter un pays à notre §Ysphère d'influence§W;Fügen Sie das Land Ihrer §YEinflusssphäre§W hinzu.;;Añadir un país a nuestra §Yesfera de influencia§W;;;;;;;;;x,,,,,,,,
add_to_sphere_short;Add $RECIPIENT$ to Sphere of Influence;ajouter $RECIPIENT$ à la sphère d'influence;$RECIPIENT$ in Einflusssphäre aufnehmen;;Añadir a $RECIPIENT$ a la esfera de influencia;;;;;;;;;x;;;;,,,,,,,,
add_to_sphere_setup;Add $RECIPIENT$ to Sphere of Influence;ajouter $RECIPIENT$ à la sphère d'influence;$RECIPIENT$ in Einflusssphäre aufnehmen;;Añadir a $RECIPIENT$ a la esfera de influencia;;;;;;;;;x;;;;,,,,,,,,
CB_ALLOWED_ADD_TO_SPHERE;Add to Sphere;Ajouter à la sphère;Zu Sphäre hinzufügen;;Añadir a la esfera;;;;;;;;x,,,,,,,,
CB_ALLOWED_ANNEX;Allow Annexation;Autoriser l'annexion;Annektierung erlauben;;Permitir anexión;;;;;;;;x,,,,,,,,
CB_ALLOWED_CONCESSION;Concede Defeat;Concéder la défaite;Niederlage eingestehen;;Admitir derrota;;;;;;;;x,,,,,,,,
CB_ALLOWED_DISARMAMENT;Forced Disarmament;Désarmement forcé;Erzwungene Abrüstung;;Desarme obligado;;;;;;;;;x;;,,,,,,,,
CB_ALLOWED_GUNBOAT;Force Debt Repayment;Forcer le remboursement de la dette;Schuldentilgung erzwingen;;Forzar pago de deuda;;;;;;;;x,,,,,,,,
CB_ALLOWED_INSTALL_COMMUNIST_GOV_TYPE;Install communist government;Installer un gouvernement communiste;Kommunistische Regierung einsetzen;;;;;;;;;;;x,,,,,,,,
CB_ALLOWED_INSTALL_DEMOCRATIC_GOV_TYPE;Enforce Democratic Government;;;;;;x,,,,,,,,
CB_ALLOWED_MAKE_PUPPET;Make a Puppet;Créer un pays satellite;Erschafft eine Marionette;;;;;;;;;;x;,,,,,,,,
CB_ALLOWED_PRESTIGE;Reduction of Prestige;Diminution du prestige;Prestige-Reduzierung;;Reducción de prestigio;;;;;;;;x,,,,,,,,
CB_ALLOWED_RELEASE_PUPPET;Release of Puppet;Libération d'un État fantoche;Entlassung von Marionettenstaat;;Liberación de títere;;;;;;;;x,,,,,,,,
CB_ALLOWED_REPARATIONS;War Reparations;Réparations de guerre;Kriegsreparationen;;Reparaciones de guerra;;;;;;;;;x;;,,,,,,,,
CB_ALLOWED_STATES;Secession of Territory;Sécession de territoire;Gebietsabspaltung;;Secesión de territorio;;;;;;;;;x;;,,,,,,,,
CB_ALLOWED_STATUS_QUO;Return to Status Quo;Retour au statu quo;Rückkehr zum Status Quo;;Volver al 'Statu Quo'.;;;;;;;;x,,,,,,,,
CB_ALLOWED_TRANSFER_PROVINCES;Transfer of provinces;Transfert des provinces;Übertragung von Provinzen;;Transferencia de provincias;;;;;;;;x,,,,,,,,
CB_ALLOWED_UNINSTALL_COMMUNIST_GOV_TYPE;Uninstall communist government;Révoquer le gouvernement communiste;Kommunistische Regierung absetzen;;;;;;;;;;;x,,,,,,,,
annex_core_country;Restore Order;Rétablir l'ordre;Stellen Sie die Ordnung wieder her;;Restablecer el orden;;;;;;;;;x;;,,,,,,,,
annex_core_country_short;Annex $RECIPIENT$;Annexer $RECIPIENT$;Annektieren Sie $RECIPIENT$;;Anexionar $RECIPIENT$;;;;;;;;;x;;,,,,,,,,
annex_core_country_setup;Annex $RECIPIENT$;Annexer $RECIPIENT$;Annektieren Sie $RECIPIENT$;;Anexionar $RECIPIENT$;;;;;;;;;x;;,,,,,,,,
annex_core_country_desc;Annex a foreign §Ycountry§W all provinces of which are your cores.;Annexez un §Ypays§W étranger dont toutes les provinces sont vos territoires clés.;Annektieren Sie alle Provinzen eines ausländischen §YLandes§W, die zu Ihren Kernprovinzen gehören.;;Anexiona un §Ypaís§W extranjero cuyas provincias son todas núcleos tuyos.;;;;;;;;;x;;,,,,,,,
CB_ASSERT_HEGEMONY;Assert Hegemony\n;Asseoir son hégémonie\n;Vorherrschaft behaupten\n;;Afirmar hegemonía\n;;;;;;;;;x,,,,,,,,
become_independent;Become Independent;Devenir indépendant;Werdet unabhängig;;;;;;;;;;;x,,,,,,,,
become_independent_desc;Declare independence from your overlord through force of arms;;Erklärt mit Waffengewalt Eure Unabhängigkeit von Eurem Herrscher;;;;;;;;x;;;,,,,,,,,
become_independent_setup;$ACTOR$ is released from $RECIPIENT$ and becomes independent.;$ACTOR$ est libéré de $RECIPIENT$ et devient indépendant.;$ACTOR$ wird von $RECIPIENT$ befreit und wird unabhängig. ;;;;;;;;;;;x,,,,,,,,
become_independent_short;$ACTOR$ is released from $RECIPIENT$;$ACTOR$ est libéré de $RECIPIENT$;$ACTOR$ wird von $RECIPIENT$ befreit;;;;;;;;;;;x,,,,,,,,
civil_war;Civil War;Guerre civile;Bürgerkrieg;;Guerra Civil;;;;;;;;;x,,,,,,,,
civil_war_desc;Your nation is in a state of civil war;Votre nation est en guerre civile;Ihre Nation befindet sich in einem Bürgerkrieg.;;Tu nación está en estado de guerra civil;;;;;;;;;x,,,,,,,,
civil_war_short;Unite the nation;Unifier la nation;Einen Sie die Nation!;;Unir la nación;;;;;;;;;x,,,,,,,,
NORMAL_CIVIL_WAR_NAME;$ORDER$$FIRST$ Civil War;$ORDER$ guerre civile $FIRST$;$ORDER$$FIRST$er Bürgerkrieg;;$ORDER$ Guerra Civil $FIRST$;;;;;;;;;x;,,,,,,,,
AGRESSION_CIVIL_WAR_NAME;$ORDER$$FIRST$ Civil War;$ORDER$ guerre civile $FIRST$;$ORDER$$FIRST$er Bürgerkrieg;;$ORDER$ Guerra Civil $FIRST$;;;;;;;;;x;,,,,,,,,
NORMAL_CIVIL_WAR_NAME_USA_CSA_CSA;$ORDER$War of Northern Aggression;$ORDER$ guerre d’agression nordiste;$ORDER$Krieg des Nördlichen Angriffs;;;;;;;;;;;x,,,,,,,,
NORMAL_CIVIL_WAR_NAME_USA_CSA_USA;$ORDER$War of the Rebellion;$ORDER$ guerre de rébellion;$ORDER$Rebellionskrieg;;;;;;;;;;;x,,,,,,,,
civil_war_setup;End the war by reuniting our nation under a common banner again.;Mettez fin à la guerre en réunifiant notre nation sous une même bannière.;Beenden Sie den Krieg durch die Wiedervereinigung unserer Nation unter einer gemeinsamen Flagge.;;Poner fin a la guerra reunificando de nuevo nuestra nación bajo un estandarte común.;;;;;;;;;x;;,,,,,,,,
CB_COLONY_CLAIMS;Enforce colonial claim;;Koloniale Ansprüche druchsetzen;;;;;;;;x,,,,,,,,
colonial_competition;Enforce colonial claim;;Koloniale Ansprüche druchsetzen;;;;;;;;x,,,,,,,,
colonial_competition_desc;Acquire a §Ycolonial region§!;;Erhalte §YKoloniale Region§!;;;;;;;;x,,,,,,,,
colonial_competition_short;Acquire colony $REGION$;;Erhalte die Kolonie $REGION$;;;;;;;;x,,,,,,,,
colonial_competition_setup;Acquire colony $REGION$;;Erhalte die Kolonie $REGION$;;;;;;;;x,,,,,,,,
conquest;Conquest;Conquête;Eroberung;;Conquista;;;;;;;;;x;;;;,,,,,,,,
conquest_desc;Annex a single-state §Ycountry§W or an §Yuncivilized nation§W;Annexer un §Ypays§W à un État ou une §Ynation non civilisée§W;Annektieren Sie ein Einzelstaat-§YLand§W oder eine §Yunzivilisierte Nation§W;;Anexionar un §Ypaís§W o una §Ynación sin civilizar§W de un solo estado;;;;;;;;;x,,,,,,,,
conquest_setup;Annex $RECIPIENT$;Annexer $RECIPIENT$;$RECIPIENT$ annektieren;;Anexión de $RECIPIENT$;;;;;;;;;x;;;;,,,,,,,,
conquest_short;Annex $RECIPIENT$;Annexer $RECIPIENT$;$RECIPIENT$ annektieren;;Anexión de $RECIPIENT$;;;;;;;;;x;;;;,,,,,,,,
crisis_free_peoples;Free people;Libérer la population;Freies Volk;;Liberar pueblo;;;;;;;;;x;,,,,,,,,
crisis_free_peoples_short;$THIRD$ acquires $STATE$;$THIRD$ prend $STATE$;$THIRD$ erwirbt $STATE$;;$THIRD$ adquiere $STATE$;;;;;;;;;x;,,,,,,,,
crisis_free_peoples_setup;Hand $STATE$ back to $THIRD$ from $RECIPIENT$;Prendre $STATE$ à $RECIPIENT$ pour le rendre à $THIRD$;Geben Sie $STATE$ an $THIRD$ von $RECIPIENT$ zurück;;Arrebatar el estado de $STATE$ de manos de $RECIPIENT$ y devolvérselo a $THIRD$;;;;;;;;;x;,,,,,,,,
cut_down_to_size;Cut down to size;Réduire;Weltgeltung reduzieren;;Reducir su tamaño;;;;;;;;;x;;;;,,,,,,,,
cut_down_to_size_desc;Force another §Ycountry§W to disarm and pay reparations to us;Obliger un autre §Ypays§W à se désarmer et à nous verser des compensations;Zwischen Sie ein anderes §YLand§W zur Abrüstung und zu Reparationszahlungen an uns.;;Obligar a otro §Ypaís§W a desarmarse y que nos indemnice;;;;;;;;;x,,,,,,,,
cut_down_to_size_short;Cut $RECIPIENT$ down to size;Réduire $RECIPIENT$;Weltgeltung von $RECIPIENT$ reduzieren;;Reducir el tamaño de $RECIPIENT$ ;;;;;;;;;x;;;;,,,,,,,,
cut_down_to_size_setup;Cut $RECIPIENT$ down to size;Réduire $RECIPIENT$;Reduzieren Sie die Weltgeltung von $RECIPIENT$.;;Reducir el tamaño de $RECIPIENT$ ;;;;;;;;;x;;;;,,,,,,,,
cut_down_to_size_boxer;Put down Boxer Rebellion;Mettre fin à la révolte des Boxers;Schlage den Boxeraufstand nieder;;;;;;;;;;;x,,,,,,,,
cut_down_to_size_boxer_desc;Force another §Ycountry§W to disarm and pay reparations to us;Forcrer un autre §Ypays§W à désarmer et à nous payer des réparations;Zwinge ein anderes §YLand§W, abzurüsten und Reparationen an uns zu zahlen;;;;;;;;;;;x,,,,,,,
cut_down_to_size_boxer_setup;Force China to pay for the crimes of the Boxer rebels.;;Zwinge China, für die Verbrechen der Boxer-Rebellen zu büßen.;;;;;;;;x,,,,,,,
cut_down_to_size_boxer_short;Force China to pay for the Boxer's crimes.;;Zwinge China, für die Verbrechen der Boxer zu büßen.;;;;;;;;x,,,,,,,
NORMAL_CUT_DOWN_TO_SIZE_WAR_NAME;$ORDER$$FIRST$-$SECOND$ War;Guerre $ORDER$$FIRST$-$SECOND$;$ORDER$$FIRST$-$SECOND$er Krieg;Baza;Guerra $ORDER$$FIRST$-$SECOND$;Base:;Alap:;Základna:;;;;;;x,,,,,,,,
AGRESSION_CUT_DOWN_TO_SIZE_WAR_NAME;$ORDER$War of $FIRST$ Aggression;$ORDER$$FIRST$ guerre d'aggression;$ORDER$$FIRST$er Angriffskrieg;Wojna $ORDER$$FIRST$-$SECOND$;$ORDER$Guerra de $FIRST$ agresión;$ORDER$ Guerra $FIRST$-$SECOND$;$ORDER$$FIRST$-$SECOND$ háború;$ORDER$$FIRST$-$SECOND$ válka;;;;;;x,,,,,,,,
demand_concession_casus_belli;Demand Concession;Demande de concession;Zugeständnisse verlangen;;Exigir concesión;;;;;;;;;x;;,,,,,,,,
demand_concession_casus_belli_desc;Force an §Yuncivilized country§W to secede territory to form a colonial concession.;Obligez un §Ypays non civilisé§W à faire sécession d'un territoire pour former une concession coloniale.;Zwingen Sie ein §Yunzivilisiertes Land§W, Gebiete zur Gründung einer Kolonie abzuspalten.;;Obliga a un §Ypaís incivilizado§W a escindir territorio para formar una concesión colonial.;;;;;;;;;x;;,,,,,,,
demand_concession_casus_belli_setup;Demand that $RECIPIENT$ secede territory to form a colonial concession.;Demandez à ce que $RECIPIENT$ fasse sécession d'un territoire pour former une concession coloniale.;Verlangen Sie, dass $RECIPIENT$ Gebiete zur Gründung einer Kolonie abspaltet.;;Exigir que $RECIPIENT$ escinda territorio para formar una concesión colonial.;;;;;;;;;x;;,,,,,,,
demand_concession_casus_belli_short;Demand $STATE$;Demande $STATE$;Fordern Sie $STATE$;;Exigir $STATE$;;;;;;;;;x;;,,,,,,,,
CB_DESTROY_FORTS;Destroy fortifications;;Zerstört Festungen;;;;;;;;x;;;;,,,,,,,,
po_destroy_forts;Destroy all fortifications in $STATE$.;;Zerstört alle Forts in $STATE$.;;;;;;;;x;;;;,,,,,,,,
CB_DESTROY_NAVAL_BASES;Destroy naval bases;;Zerstört Marinestützpunkte;;;;;;;;x;;;;,,,,,,,,
po_destroy_naval_bases;Destroy naval base in $STATE$.;;Zersört den Marinestützpunkt in $STATE$ .;;;;;;;;x;;;;,,,,,,,,
po_disarmament;Prohibited from raising armies and lose §Y$PERCENTAGE$%§b of their forces for §Y$YEARS$§b years;N'a plus le droit de lever des armées et perd §Y$PERCENTAGE$%§b de ses forces pendant §Y$YEARS$§b ans;Verbot, Armeen auszuheben, und Verlust von §Y$PERCENTAGE$%§b ihrer Truppen für §Y$YEARS$§b Jahre.;;Se le prohíbe reclutar ejércitos y pierde el §Y$PERCENTAGE$%§b de sus fuerzas durante §Y$YEARS$§b años.;;;;;;;;;x;;;;,,,,,,
po_disarmament2;Prohibited from raising armies and lose §Y$PERCENTAGE$%§W of their forces for §Y$YEARS$§W years;N'a plus le droit de lever des armées et perd §Y$PERCENTAGE$%§W de ses forces pendant §Y$YEARS$§W ans;Verbot des Aushebens von Armeen und Verlust von §Y$PERCENTAGE$%§W ihrer Truppen über §Y$YEARS$§W Jahre.;;Prohibido el reclutamiento de ejércitos y pérdida del §Y$PERCENTAGE$%§W de sus fuerzas durante §Y$YEARS$§W años;;;;;;;;;x,,,,,,,,
dismantle_cb;Dismantle Nation;Grande Guerre;Gesamtkrieg;;;;;;;;;;;;x;;;;;;;;;;;;;;,,,,,,,,
dismantle_cb_desc;Force an enemy §Ygreat power§W to dismantle their empire and pay reparations;Obliger un autre §Ypays§W à se désarmer et à nous verser des compensations;Zwischen Sie ein anderes §YLand§W zur Abrüstung und zu Reparationszahlungen an uns.;;;;;;;;;;;x,,,,,,,,
dismantle_cb_short;Force $RECIPIENT$ to dismantle their empire;Réduire $RECIPIENT$;Reduzieren Sie die Größe von $RECIPIENT$;;;;;;;;;;;;x;;;;;;;;;;;;;;,,,,,,,,
dismantle_cb_setup;Force $RECIPIENT$ to dismantle their empire;Réduire $RECIPIENT$;Reduzieren Sie die Größe von $RECIPIENT$;;;;;;;;;;;;x;;;;;;;;;;;;;;,,,,,,,,
dismantle_cb_add;Dismantle Nation;Grande Guerre;Größer Krieg;;;;;;;;;;;;x;;;;;;;;;;;;;;,,,,,,,,
dismantle_cb_add_desc;Force an enemy §Ygreat power§W to dismantle their empire and pay reparations;Obliger un autre §Ypays§W à se désarmer et à nous verser des compensations;Zwischen Sie ein anderes §YLand§W zur Abrüstung und zu Reparationszahlungen an uns.;;;;;;;;;;;x,,,,,,,,
dismantle_cb_add_short;Force $RECIPIENT$ to dismantle their empire;Réduire $RECIPIENT$;Reduzieren Sie die Größe von $RECIPIENT$;;;;;;;;;;;;x;;;;;;;;;;;;;;,,,,,,,,
dismantle_cb_add_setup;Force $RECIPIENT$ to dismantle their empire;Réduire $RECIPIENT$;Reduzieren Sie die Größe von $RECIPIENT$;;;;;;;;;;;;x;;;;;;;;;;;;;;,,,,,,,,
dismantle_cb_add_new;Dismantle Nation;Grande Guerre;Größer Krieg;;;;;;;;;;;;x;;;;;;;;;;;;;;,,,,,,,,
dismantle_cb_add_new_desc;Force an enemy §Ygreat power§W to dismantle their empire and pay reparations;Obliger un autre §Ypays§W à se désarmer et à nous verser des compensations;Zwischen Sie ein anderes §YLand§W zur Abrüstung und zu Reparationszahlungen an uns.;;;;;;;;;;;x,,,,,,,,
dismantle_cb_add_new_short;Force $RECIPIENT$ to dismantle their empire;Réduire $RECIPIENT$;Reduzieren Sie die Größe von $RECIPIENT$;;;;;;;;;;;;x;;;;;;;;;;;;;;,,,,,,,,
dismantle_cb_add_new_setup;Force $RECIPIENT$ to dismantle their empire;Réduire $RECIPIENT$;Reduzieren Sie die Größe von $RECIPIENT$;;;;;;;;;;;;x;;;;;;;;;;;;;;,,,,,,,,
dismantle_forts_desc;Dismantle fortifications, naval bases and airports.;;Reißt Forts und Marinestützpunkte ab.;;;;;;;;x;;;;,,,,,,,
dismantle_forts;Dismantle Fortifications;;Reißt Forts ab;;;;;;;;x;;;;,,,,,,,,
dismantle_forts_short;Dismantle constructions in $STATE$;;Reißt Bauten in $STATE$ ab;;;;;;;;x;;;;,,,,,,,,
dismantle_forts_setup;Dismantle forts, naval bases and airports in $STATE$;;Reißt Forts und Marinestützpunkte in $STATE$ ab;;;;;;;;x;;;;,,,,,,,
establish_protectorate_casus_belli;Establish Protectorate;Établir un protectorat;Protektorat gründen;;Establecer protectorado;;;;;;;;;x;;,,,,,,,,
establish_protectorate_casus_belli_desc;Annex an §Yuncivilized country§W by forcing them to become a protectorate of ours.;Annexez un §Ypays non civilisé§W en l'obligeant à devenir l'un de nos protectorats.;Annektieren Sie ein §Yunzivilisiertes Land§W, indem Sie es zwingen, eines Ihrer Protektorate zu werden.;;Anexiona un §Ypaís incivilizado§W, obligándolo a convertirse en protectorado nuestro.;;;;;;;;;x;;,,,,,
establish_protectorate_casus_belli_setup;Annex $RECIPIENT$ by establishing a protectorate over them.;Annexez $RECIPIENT$ en établissant un protectorat.;Annektieren Sie $RECIPIENT$ durch die Gründung eines Protektorats.;;Anexionar $RECIPIENT$ estableciendo un protectorado sobre ellos.;;;;;;;;;x;;,,,,,,,,
establish_protectorate_casus_belli_short;Annex $RECIPIENT$;Annexer $RECIPIENT$;Annektieren Sie $RECIPIENT$;;Anexionar $RECIPIENT$;;;;;;;;;x;;,,,,,,,,
free_peoples;Free people;Libérer la population;Freies Volk;;Liberar pueblo;;;;;;;;;x;;;;,,,,,,,,
free_peoples_desc;Liberate a §Ycountry§W from its oppressors;Libérer un §Ypays§W de ses oppresseurs;Befreien Sie ein §YLand§W von seinen Unterdrückern.;;Liberar a un §Ypaís§W de sus opresores;;;;;;;;;x,,,,,,,,
free_peoples_short;$THIRD$ acquires $STATE$;$THIRD$ prend $STATE$;$THIRD$ erwirbt $STATE$;;$THIRD$ adquiere $STATE$;;;;;;;;;x;;;;,,,,,,,,
free_peoples_setup;Hand $STATE$ back to $THIRD$ from $RECIPIENT$;Prendre $STATE$ à $RECIPIENT$ pour le rendre à $THIRD$;Geben Sie $STATE$ an $THIRD$ von $RECIPIENT$ zurück;;Arrebatar el estado de $STATE$ de manos de $RECIPIENT$ y devolvérselo a $THIRD$;;;;;;;;;x;;;;,,,,,,,,
great_war_acquire_core;Acquire core;Prendre territoire clé;Kernprovinz erwerben;;;;;;;;;;;;x;;;;;;;;;;;;;;,,,,,,,,
great_war_acquire_core_desc;Aquire an enemy §Ystate§W where we have §Ycore provinces§W;Prendre un §YÉtat§W ennemi où nous avons des §Yprovinces principales§W;Erobern Sie einen feindlichen §YStaat§W, in dem wir §YKernprovinzen§W haben.;;;;;;;;;;;x,,,,,,,
great_war_acquire_core_short;Acquire $STATE$;Prendre $STATE$;$STATE$ erwerben;;;;;;;;;;;;x;;;;;;;;;;;;;;,,,,,,,,
great_war_acquire_core_setup;Acquire core $STATE$ from $RECIPIENT$;Prendre État clé $STATE$ de $RECIPIENT$;Kern-$STATE$ von $RECIPIENT$ erwerben;;;;;;;;;;;;x;;;;;;;;;;;;;;,,,,,,,,
great_war_install_communism;Install Communism;Installez le communisme;Bringen Sie Kommunismus an;;;;;;;;;;;;x;;;;;;;;;;;;;;,,,,,,,,
great_war_install_communism_desc;Install a §Yfriendly communist government§W in the country's capital;Install a §Yfriendly communist government§W in the country's capital;Install a §Yfriendly communist government§W in the country's capital;;;;;;;;;;;;x;;;;;;;;;;;;;;,,,,,,,,
great_war_install_communism_short;Install a communist government in $RECIPIENT$;Install a communist government in $RECIPIENT$;Install a communist government in $RECIPIENT$;;;;;;;;;;;;x;;;;;;;;;;;;;;,,,,,,,,
great_war_install_communism_setup;Install a communist government in $RECIPIENT$;Install a communist government in $RECIPIENT$;Install a communist government in $RECIPIENT$;;;;;;;;;;;;x;;;;;;;;;;;;;;,,,,,,,,
great_war_install_democracy;Install Democracy;Installez la démocratie;Verursachen Sie Demokratie;;;;;;;;;;;;x;;;;;;;;;;;;;;,,,,,,,,
great_war_install_democracy_desc;Install a §Yfriendly democracy§W in the country's capital;Install a §Yfriendly democracy§W in the target country's capital;Install a §Yfriendly democracy§W in the target country's capital;;;;;;;;;;;;x;;;;;;;;;;;;;;,,,,,,,,
great_war_install_democracy_short;Install a friendly democracy in $RECIPIENT$;Install a friendly democracy in $RECIPIENT$;Install a friendly democracy in $RECIPIENT$;;;;;;;;;;;;x;;;;;;;;;;;;;;,,,,,,,,
great_war_install_democracy_setup;Install a friendly democracy in $RECIPIENT$;Install a friendly democracy in $RECIPIENT$;Install a friendly democracy in $RECIPIENT$;;;;;;;;;;;;x;;;;;;;;;;;;;;,,,,,,,,
great_war_install_fascism;Install Fascism;Installez le fascisme;Bringen Sie Faschismus an;;;;;;;;;;;;x;;;;;;;;;;;;;;,,,,,,,,
great_war_install_fascism_desc;Install a §Yfriendly fascist government§W in the country's capital;Install a §Yfriendly fascist government§W in the country's capital;Install a §Yfriendly fascist government§W in the country's capital;;;;;;;;;;;;x;;;;;;;;;;;;;;,,,,,,,,
great_war_install_fascism_short;Install a fascist government in $RECIPIENT$;Install a fascist government in $RECIPIENT$;Install a fascist government in $RECIPIENT$;;;;;;;;;;;;x;;;;;;;;;;;;;;,,,,,,,,
great_war_install_fascism_setup;Install a fascist government in $RECIPIENT$;Install a fascist government in $RECIPIENT$;Install a fascist government in $RECIPIENT$;;;;;;;;;;;;x;;;;;;;;;;;;;;,,,,,,,,
great_war_liberate;Liberate;Peuple libre;Freies Volk;;;;;;;;;;;;x;;;;;;;;;;;;;;,,,,,,,,
great_war_liberate_desc;Liberate a §Ycountry§W from its oppressors;Libérer un §Ypays§W de ses oppresseurs;Befreien Sie ein §YLand§W von seinen Unterdrückern.;;;;;;;;;;;x,,,,,,,,
great_war_liberate_short;$THIRD$ acquires $STATE$;$THIRD$ prend $STATE$;$THIRD$ erwirbt $STATE$;;;;;;;;;;;;x;;;;;;;;;;;;;;,,,,,,,,
great_war_liberate_setup;Hand $STATE$ back to $THIRD$ from $RECIPIENT$;Prendre $STATE$ à $RECIPIENT$ pour le rendre à $THIRD$;Geben Sie $STATE$ an $THIRD$ von $RECIPIENT$ zurück;;;;;;;;;;;;x;;;;;;;;;;;;;;,,,,,,,,
great_war_penalty_cb;Great War Capitulation;Capitulation dans une Grande Guerre;Großkriegskapitulation;;;;;;;;;;;x,,,,,,,,
great_war_penalty_cb_desc;Force another §Ycountry§! to disarm and pay reparations to us.;Contraindre un autre §Ypays§! à désarmer et à nous payer des réparations.;Zwingt die andere §YNation§! zur Entwaffnung und der Zahlung von Kriegsreperationen an uns.;;;;;;;;;;;x,,,,,,,,
great_war_penalty_cb_setup;Disarm $RECIPIENT$ and let them pay for reparations.;Désarmer $RECIPIENT$ et le faire payer des réparations.;Entwaffnet $RECIPIENT$ and zwingt sie zur Zahlung von Kriegsreperationen;;;;;;;;;;;x,,,,,,,,
great_war_penalty_cb_short;Great War Capitulation;Capitulation dans une Grande Guerre;Großkriegskapitulation;;;;;;;;;;;x,,,,,,,,
great_war_place_in_the_sun;Place in the sun;Une place au soleil;Ein Platz an der Sonne;;;;;;;;;;;;x;;;;;;;;;;;;;;,,,,,,,,
great_war_place_in_the_sun_desc;Aquire an enemy §Ycolonial state§W;Prendre un §YÉtat colonial§W ennemi;Erobern Sie einen feindlichen §YKolonialstaat§W.;;;;;;;;;;;x,,,,,,,,
great_war_place_in_the_sun_short;Acquire $STATE$;Prendre $STATE$;$STATE$ erwerben;;;;;;;;;;;;x;;;;;;;;;;;;;;,,,,,,,,
great_war_place_in_the_sun_setup;Acquire colony $STATE$ from $RECIPIENT$;Prendre colonie $STATE$ de $RECIPIENT$;Kolonie $STATE$ von $RECIPIENT$ erwerben;;;;;;;;;;;;x;;;;;;;;;;;;;;,,,,,,,,
great_war_release_puppet;Release Puppet;Libérer un État fantoche;Marionettenstaat entlassen;;;;;;;;;;;x,,,,,,,,
great_war_release_puppet_short;$THIRD$ is released;$THIRD$ est libéré;$THIRD$ wurde entlassen;;;;;;;;;;;x,,,,,,,,
great_war_release_puppet_setup;Release $THIRD$ from $RECIPIENT$;Libérer $THIRD$ de $RECIPIENT$;Entlassen Sie $THIRD$ aus $RECIPIENT$;;;;;;;;;;;x,,,,,,,,
great_war_release_puppet_desc;Release a §Ycountry§W from its sovereign nation;Libérer un §Ypays§W de sa nation souveraine;Entlassen Sie ein §YLand§W von seinem Herrenland.;;;;;;;;;;;x,,,,,,,,
great_war_take_from_sphere;Take from sphere of influence;Prendre à la sphère d'influence;Aus Einflusssphäre entfernen;;;;;;;;;;;;x;;;;;;;;;;;;;;,,,,,,,,
great_war_take_from_sphere_desc;Remove a country from someone's §YSphere of Influence§W and add it to our own;Supprimer un pays de la §Ysphère d'influence§W de quelqu'un et l'ajouter à la nôtre;Entfernen Sie ein Land aus einer anderen §YEinflusssphäre§W und fügen Sie es Ihrer eigenen hinzu.;;;;;;;;;;;x,,,,,,,,
great_war_take_from_sphere_short;Take $THIRD$ from sphere of influence;Prendre $THIRD$ à la sphère d'influence;$THIRD$ aus Einflusssphäre entfernen;;;;;;;;;;;;x;;;;;;;;;;;;;;,,,,,,,,
great_war_take_from_sphere_setup;Take $THIRD$ from $RECIPIENT$'s sphere of influence;Prendre $THIRD$ à la sphère d'influence de $RECIPIENT$;$THIRD$ aus Einflusssphäre von $RECIPIENT$ entfernen;;;;;;;;;;;;x;;;;;;;;;;;;;;,,,,,,,,
gunboat;Repay Debts;Rembourser les dettes;Schulden tilgen;;Pagar deudas;;;;;;;;x,,,,,,,,
gunboat_desc;Force them to resume repayment of their debts to us.;Les forcer à reprendre le remboursement des dettes contractées envers nous.;Sie zwingen, ihre Schuldenrückzahlungen weiterzuführen.;;Obligarlos a reanudar el pago de sus deudas con nosotros.;;;;;;;;x,,,,,,,
gunboat_setup;Will force them to honor their debts to us.;Nous les forceront à honorer les dettes contractées envers nous.;Werden sie zwingen, uns ihre Schulden zurückzuzahlen.;;Los obligará a hacer frente a sus deudas con nosotros.;;;;;;;;x,,,,,,,
gunboat_short;Repay Debts;Rembourser les dettes;Schulden tilgen;;Pagar deudas;;;;;;;;x,,,,,,,,
po_gunboat;Repay Debts.;Rembourser les dettes;Schulden tilgen.;;Pagar deudas.;;;;;;;;x,,,,,,,,
humiliate;Humiliate;Humilier;Erniedrigen;;Humillar;;;;;;;;;x;;;;,,,,,,,,
humiliate_desc;Show our military might by humiliating an enemy §Ycountry§W, thus increasing our §Yprestige§W while lowering theirs;Afficher notre puissance militaire en humiliant un §Ypays§W ennemi et en augmentant notre §Yprestige§W tout en réduisant le leur;Zeigen Sie unsere Militärmacht durch Erniedrigung eines feindlichen §YLandes§W, wodurch Sie unser §YPrestige§W steigern und ihres verringern.;;Demostrar nuestro poder militar humillando a un §Ypaís§W enemigo, para aumentar nuestro §Yprestigio§W y reducir el suyo;;;;;;;;;x,,,,,
humiliate_short;Humiliate $RECIPIENT$;Humilier $RECIPIENT$;$RECIPIENT$ erniedrigen;;Humillar a $RECIPIENT$;;;;;;;;;x;;;;,,,,,,,,
humiliate_setup;Humiliate $RECIPIENT$;Humilier $RECIPIENT$;$RECIPIENT$ erniedrigen;;Humillar a $RECIPIENT$;;;;;;;;;x;;;;,,,,,,,,
install_communism;Install Communism;Installez le communisme;Bringen Sie Kommunismus an;;;;;;;;;;;;x;;;;;;;;;;;;;;,,,,,,,,
install_communism_desc;Install a §Yfriendly communist government§W in the country's capital;Install a §Yfriendly communist government§W in the country's capital;Install a §Yfriendly communist government§W in the country's capital;;;;;;;;;;;;x;;;;;;;;;;;;;;,,,,,,,,
install_communism_short;Install a communist government in $RECIPIENT$;Install a communist government in $RECIPIENT$;Install a communist government in $RECIPIENT$;;;;;;;;;;;;x;;;;;;;;;;;;;;,,,,,,,,
install_communism_setup;Install a communist government in $RECIPIENT$;Install a communist government in $RECIPIENT$;Install a communist government in $RECIPIENT$;;;;;;;;;;;;x;;;;;;;;;;;;;;,,,,,,,,
install_communist_gov_cb;Install communism;Installer le Communisme;Kommunismus einsetzen;;;;;;;;;;;x,,,,,,,,
install_communist_gov_cb_desc;Install the communist government.;Installer le gouvernement communiste.;Setzt die kommunistische Regierung ein.;;;;;;;;;;;x,,,,,,,,
install_communist_gov_cb_setup;Install the communist government. If achieved, the country will be automatically added into our sphere.;Installer le gouvernement communiste. En cas de réussite, le pays sera automatiquement ajouté à notre sphère d'influence.;Setzt die kommunistische Regierung ein. Sobald dies erreicht wurde, wird das Land automatisch unserer Sphäre zugefügt. ;;;;;;;;;;;x,,,,,
install_communist_gov_cb_short;Install communism;Installer le Communisme;Kommunismus einsetzen;;;;;;;;;;;x,,,,,,,,
po_install_communist_gov_type;Install communist government;Installer un gouvernement communiste;Kommunistische Regierung einsetzen;;;;;;;;;;x;,,,,,,,,
install_democracy;Install Democracy;Installez la démocratie;Verursachen Sie Demokratie;;;;;;;;;;;;x;;;;;;;;;;;;;;,,,,,,,,
install_democracy_desc;Install a §Yfriendly democracy§W in the country's capital;Install a §Yfriendly democracy§W in the target country's capital;Install a §Yfriendly democracy§W in the target country's capital;;;;;;;;;;;;x;;;;;;;;;;;;;;,,,,,,,,
install_democracy_short;Install a friendly democracy in $RECIPIENT$;Install a friendly democracy in $RECIPIENT$;Install a friendly democracy in $RECIPIENT$;;;;;;;;;;;;x;;;;;;;;;;;;;;,,,,,,,,
install_democracy_setup;Install a friendly democracy in $RECIPIENT$;Install a friendly democracy in $RECIPIENT$;Install a friendly democracy in $RECIPIENT$;;;;;;;;;;;;x;;;;;;;;;;;;;;,,,,,,,,
install_democratic_gov_cb;Enforce Democracy;;;;;;x,,,,,,,,
install_democratic_gov_cb_desc;Forcibly remove a government and replace it with a democracy.;;;;;;x,,,,,,,,
install_democratic_gov_cb_setup;Install a democratic government. If achieved, the country will be automatically added into our sphere;;;;;;x,,,,,,,
install_democratic_gov_cb_short;Enforce Democracy;;;;;;x,,,,,,,,
install_fascism;Install Fascism;Installez le fascisme;Bringen Sie Faschismus an;;;;;;;;;;;;x;;;;;;;;;;;;;;,,,,,,,,
install_fascism_desc;Install a §Yfriendly fascist government§W in the country's capital;Install a §Yfriendly fascist government§W in the country's capital;Install a §Yfriendly fascist government§W in the country's capital;;;;;;;;;;;;x;;;;;;;;;;;;;;,,,,,,,,
install_fascism_short;Install a fascist government in $RECIPIENT$;Install a fascist government in $RECIPIENT$;Install a fascist government in $RECIPIENT$;;;;;;;;;;;;x;;;;;;;;;;;;;;,,,,,,,,
install_fascism_setup;Install a fascist government in $RECIPIENT$;Install a fascist government in $RECIPIENT$;Install a fascist government in $RECIPIENT$;;;;;;;;;;;;x;;;;;;;;;;;;;;,,,,,,,,
lebensraum_cb;Lebensraum;;;;;;x,,,,,,,,
lebensraum_cb_desc;Completely annex a country in order to increase our population's living space;;;;;;x,,,,,,,,
lebensraum_cb_setup;Annex an entire nation. If achieved, our population's living space will vastly increase;;;;;;x,,,,,,,
lebensraum_cb_short;Lebensraum;;;;;;x,,,,,,,,
liberate_country_desc;Liberate an §Yentire country§W from its oppressors;;Befreit ein §Yganzes Land§W von seinen Unterdrückern;;;;;;;;x;;;;,,,,,,,,
liberate_country;Liberate Country;;Befreit das Land;;;;;;;;x;;;;,,,,,,,,
liberate_country_short;$THIRD$ acquires $STATE$;$THIRD$ prend $STATE$;$THIRD$ erwirbt $STATE$;;$THIRD$ adquiere $STATE$;;;;;;;;;x;,,,,,,,,
liberate_country_setup;Return $STATE$ to $THIRD$ from $RECIPIENT$;Prendre $STATE$ à $RECIPIENT$ pour le rendre à $THIRD$;Gebt $STATE$ an $THIRD$ von $RECIPIENT$ zurück;;Arrebatar el estado de $STATE$ de manos de $RECIPIENT$ y devolvérselo a $THIRD$;;;;;;;;;x;,,,,,,,,
make_puppet;Make puppet;Créer un pays satellite;Erschafft eine Marionette;;;;;;;;;;;x,,,,,,,,
make_puppet_desc;Become a puppet;Devenir un satellite;Werdet eine Marionette;;;;;;;;;;;x,,,,,,,,
make_puppet_setup;$RECIPIENT$ becomes a puppet of $ACTOR$;$RECIPIENT$ devient satellite de $ACTOR$;$RECIPIENT$ wird eine Marionette von $ACTOR$;;;;;;;;;;;x,,,,,,,,
make_puppet_short;$RECIPIENT$ becomes a puppet of $ACTOR$;$RECIPIENT$ devient satellite de $ACTOR$;$RECIPIENT$ wird eine Marionette von $ACTOR$;;;;;;;;;;;x,,,,,,,,
mars_colony_dispute;Martian Colony Dispute;;;;;;x,,,,,,,,
mars_colony_dispute_desc;Demand that this country removes all colonists from Mars;;;;;;x,,,,,,,,
mars_colony_dispute_setup;Demand that this country removes all colonists from Mars;;;;;;x,,,,,,,,
mars_colony_dispute_short;Martian Dispute;;;;;;x,,,,,,,,
moon_colony_dispute;Lunar Colony Dispute;;;;;;x,,,,,,,,
moon_colony_dispute_desc;Demand that this country removes all colonists from the Moon;;;;;;x,,,,,,,,
moon_colony_dispute_setup;Demand that this country removes all colonists from the Moon;;;;;;x,,,,,,,,
moon_colony_dispute_short;Lunar Dispute;;;;;;x,,,,,,,,
NORMAL_MARS_WAR_NAME;$ORDER$War of $FIRST$ Martian Hegemony;;;;;;x,,,,,,,,
AGRESSION_MARS_WAR_NAME;$ORDER$War of $FIRST$ Martian Hegemony;;;;;;x,,,,,,,,
NORMAL_MOON_WAR_NAME;$ORDER$War of $FIRST$ Lunar Hegemony;;;;;;x,,,,,,,,
AGRESSION_MOON_WAR_NAME;$ORDER$War of $FIRST$ Lunar Hegemony;;;;;;x,,,,,,,,
napoleon_cb;Restore the House of Bourbon and dismantle the Napoleonic Empire;;;;;;x,,,,,,,,
napoleon_cb_short;Restore the House of Bourbon and dismantle the Napoleonic Empire;;;;;;x,,,,,,,,
napoleon_cb_setup;The French revolution is a monster that must be repelled. The Bourbons must be restored to their rightful place as rulers of France before the revolution spreads to our own lands!;;;;;;x,,,,,,,,
napoleon_cb_desc;Restore the House of Bourbon and dismantle the Napoleonic Empire;;;;;;x,,,,,,,,
napoleonic_cb;Napoleon Final Solution of Europe;;;;;;x,,,,,,,,
napoleonic_cb_short;Become the supreme ruler of Europe;;;;;;x,,,,,,,,
napoleonic_cb_setup;Tyrannical Regime accross Europe must be trembled;;;;;;x,,,,,,,,
napoleonic_cb_desc;Dismantle and conquer the European Great Powers;;;;;;x,,,,,,,,
napoleonic_uk_cb;Subjugate and dismantle the British Empire;;;;;;x,,,,,,,,
napoleonic_uk_cb_short;Dismantle and take posssession from the British Empire;;;;;;x,,,,,,,,
napoleonic_uk_cb_setup;Accept defeat and Dismantle the British Empire;;;;;;x,,,,,,,,
napoleonic_uk_cb_desc;The British is a stubborn enemy, we can if we fought hard enough to defeat them;;;;;;x,,,,,,,,
napoleonic_austria_cb;Subjugate and dismantle the Austrian Empire;;;;;;x,,,,,,,,
napoleonic_austria_cb_short;Dismantle and take possession from the Austrian Empire;;;;;;x,,,,,,,,
napoleonic_austria_cb_setup;Accept defeat for the Austrian Empire;;;;;;x,,,,,,,,
napoleonic_austira_cb_desc;We must defeat the Austrians;;;;;;x,,,,,,,,
napoleonic_russia_cb;Subjugate and dismantle the Russian Empire;;;;;;x,,,,,,,,
napoleonic_russia_cb_short;Dismantle or take possession from the Russian Empire;;;;;;x,,,,,,,,
napoleonic_russia_cb_setup;Accept defeat for the Russian Empire;;;;;;x,,,,,,,,
napoleonic_russia_cb_desc;We must defeat and conquer their capital;;;;;;x,,,,,,,,
napoleonic_por_cb;Subjugate the Portuguese Empire;;;;;;x,,,,,,,,
napoleonic_por_cb_short;Make the Portuguese our puppet state possession;;;;;;x,,,,,,,,
napoleonic_por_cb_setup;Accept defeat for the Portuguese Empire;;;;;;x,,,,,,,,
napoleonic_por_cb_desc;We must overran their mainland and make them our puppet;;;;;;x,,,,,,,,
napoleonic_bav_cb;Conquer Bavaria;;;;;;x,,,,,,,,
napoleonic_bav_cb_short;Conquer and Subjugate Bavaria;;;;;;x,,,,,,,,
napoleonic_bav_cb_setup;Accept defeat for Bavaria;;;;;;x,,,,,,,,
napoleonic_bav_cb_desc;We must defeat and conquer their armies;;;;;;x,,,,,,,,
nocasusbelli;No war justification;Aucun motif de guerre;Keine Kriegsrechtfertigung;;Guerra sin justificación;;;;;;;;;x;;;;,,,,,,,,
place_in_the_sun;Place in the sun;Une place au soleil;Ein Platz an der Sonne;;Un lugar bajo el sol;;;;;;;;;x;;;;,,,,,,,,
place_in_the_sun_desc;Aquire an enemy §Ycolonial state§W;Prendre un §YÉtat colonial§W ennemi;Erobern Sie einen feindlichen §YKolonialstaat§W.;;Adquirir un §Yestado colonial§W enemigo;;;;;;;;;x,,,,,,,,
place_in_the_sun_short;Acquire $STATE$; Prendre l'État de $STATE$;Kolonie $STATE$ erobern;;Adquirir $STATE$;;;;;;;;;x;;;;,,,,,,,,
place_in_the_sun_setup;Acquire colony $STATE$ from $RECIPIENT$;Prendre colonie $STATE$ à $RECIPIENT$;Kolonie $STATE$ von $RECIPIENT$ erobern.;;Adquirir la colonia de $STATE$ de manos de $RECIPIENT$;;;;;;;;;x;;;;,,,,,,,,
protect_minor;Protect minor;Protéger concession mineure;Kleinere Staaten schützen;;Proteger menor;;;;;;;;;x;;;;,,,,,,,,
protect_minor_desc;Select a §state§W in the list to the right;Sélectionner un §YÉtat§W dans la liste de droite.;Wählen Sie in der Liste rechts einen §YStaat§W aus.;;Seleccionar un §estado§W de la lista de la derecha;;;;;;;;;x,,,,,,,,
protect_minor_short;$THIRD$ acquires $STATE$;$THIRD$ prend $STATE$;$THIRD$ erwirbt $STATE$;;$THIRD$ adquiere $STATE$;;;;;;;;;x;;;;,,,,,,,,
protect_minor_setup;Force $RECIPIENT$ to give $STATE$ back to $THIRD$;Obliger $RECIPIENT$ à rendre $STATE$ à $THIRD$;Zwingen Sie $RECIPIENT$, $STATE$ an $THIRD$ zurück zu geben.;;Obligar a $RECIPIENT$ a devolver $STATE$ a $THIRD$;;;;;;;;;x;;;;,,,,,,,
po_reduce_prestige;Prestige is reduced by §R$VALUE$§b;Le prestige est réduit de : §R$VALUE$§b;Prestige um §R$VALUE$§b reduziert;;Se pierden §R$VALUE$§b puntos de prestigio.;;;;;;;;;x;;;;,,,,,,,,
po_reduce_prestige2;§YPrestige§W is reduced by §R$VALUE$§W;Le §Yprestige§W est réduit de : §R$VALUE$§W;§YPrestige§W wird um §R$VALUE$§W reduziert.;;§YPrestige§W se ve reducido en §R$VALUE$§W;;;;;;;;;x,,,,,,,,
release_puppet;Release Puppet;Libérer un État fantoche;Marionettenstaat entlassen;;Desvincular títere;;;;;;;;;x;;,,,,,,,,
release_puppet_short;$THIRD$ is released;$THIRD$ est libéré;$THIRD$ wurde entlassen;;$THIRD$ ha quedado desvinculada;;;;;;;;;x;;,,,,,,,,
release_puppet_setup;Release $THIRD$ from $RECIPIENT$;Libérer $THIRD$ de $RECIPIENT$.;Entlassen Sie $THIRD$ aus $RECIPIENT$;;Desvincular $THIRD$ de $RECIPIENT$;;;;;;;;;x;;,,,,,,,,
release_puppet_desc;Release a §Ycountry§W from its sovereign nation;Libérer un §Ypays§W de sa nation souveraine;Entlassen Sie ein §YLand§W von seinem Herrenland.;;Desvincula a un §Ypaís§W de su nación soberana;;;;;;;;;x;;,,,,,,,,
po_reparations;Must pay §Y$PERCENTAGE$%§b of tax income for §Y$YEARS$§b years;Doit payer §Y$PERCENTAGE$%§b de taxes pendant §Y$YEARS$§b ans.;Muss §Y$PERCENTAGE$%§b des Steuereinkommens für §Y$YEARS$§b Jahre zahlen.;;Debe pagar el §Y$PERCENTAGE$%§b de sus ingresos por impuestos durante §Y$YEARS$§b años.;;;;;;;;;x;;;;,,,,,,,,
po_reparations2;Must pay §Y$PERCENTAGE$%§W of tax income for §Y$YEARS$§W years;Doit payer §Y$PERCENTAGE$%§W de taxes pendant §Y$YEARS$§W ans.;Zahlung von §Y$PERCENTAGE$%§W der Steuereinnahmen für §Y$YEARS$§W Jahre.;;Debe pagar el §Y$PERCENTAGE$%§W de sus impuestos durante §Y$YEARS$§W años;;;;;;;;;x,,,,,,,,
rude_boy;Containment;Confinement;Beherrschung;;Contención;;;;;;;;;x;;,,,,,,,,
rude_boy_desc;Force another §Ycountry§W, which has thrown off all pretenses of civilized conduct in the realm of international affairs, to vastly reduce its ambitions.;Obligez un autre §Ypays§W, qui s'est débarrassé de tout faux-semblant de conduite civilisée au royaume des affaires internationales, à limiter considérablement ses ambitions.;Zwingen Sie ein anderes §YLand§W, das bezüglich internationaler Beziehungen sämtliche Vortäuschungen zivilisierten Benehmens über Bord geworfen hat, seine Ambitionen drastisch zu reduzieren.;;Obliga a otro §Ypaís§W, que ha renunciado a toda pretensión de conducta civilizada en el campo de los asuntos internacionales, a reducir de forma drástica sus ambiciones.;;;;;;;;;x;;
rude_boy_setup;Contain $RECIPIENT$ by reducing their territory, prestige and military.;Confinez $RECIPIENT$ en réduisant son territoire, son prestige et son armée.;Halten Sie $RECIPIENT$ in Schach, indem Sie ihr Territorium, Prestige und Militär reduzieren.;;Contención de $RECIPIENT$ por reducción de su territorio, su prestigio y su ejército.;;;;;;;;;x;;,,,
rude_boy_short;Contain $RECIPIENT$;Contenir $RECIPIENT$;Halten Sie $RECIPIENT$ in Schach.;;Contención de $RECIPIENT$;;;;;;;;;x;;,,,,,,,,
slavery_cb;Liberate Slaves;;;;;;x,,,,,,,,
slavery_cb_desc;Force a government to abolish the slave trade and the practice of slavery as a whole.;;;;;;x,,,,,,,,
slavery_cb_setup;Liberate the slaves. If achieved this will liberate all the slaves in the target country.;;;;;;x,,,,,,,,
slavery_cb_short;Liberate Slaves;;;;;;x,,,,,,,,
status_quo;Status Quo;;;;;;;;;;;;;x,,,,,,,,
status_quo_desc;Attempt to intervene in a war, neglecting any side to fulfill their §Ywargoals§W;Tenter de participer à une guerre en négligeant les différents camps pour atteindre les §Yobjectifs de guerre§W;Versuchen Sie, in einen Krieg zu intervenieren und beiden Seiten die Erreichung ihrer §YKriegsziele§W zu verwehren.;;Intentar intervenir en una guerra, evitando que ninguno de los bandos cumplan con sus §Yobjetivos bélicos§W;;;;;;;;;x,,,,,
status_quo_setup;All we ask is to be left alone;Nous demandons juste à ce qu'on nous laisse tranquilles.;Wir wollen nur in Ruhe gelassen werden.;;Lo único que pedimos es que nos dejen en paz;;;;;;;;x;,,,,,,,,
status_quo_short;Status Quo;Statu quo;Status Quo;;Mantener el statu quo;;;;;;;;;x;,,,,,,,,
take_from_sphere;Take from sphere of influence;Enlever à la sphère d'influence;Aus Einflusssphäre entfernen;;Sacar de la esfera ;;;;;;;;;x;;;;,,,,,,,,
take_from_sphere_desc;Remove a country from someone's §YSphere of Influence§W and add it to our own;Supprimer un pays de la §Ysphère d'influence§W de quelqu'un et l'ajouter à la nôtre;Entfernen Sie ein Land aus einer anderen §YEinflusssphäre§W und fügen Sie es Ihrer eigenen hinzu.;;Retirar un país de la §Yesfera de influencia§W de alguien y añadirlo a la nuestra;;;;;;;;;x,,,,,,,,
take_from_sphere_short;Take $THIRD$ from sphere of influence; Enlever $THIRD$ à la sphère d'influence;$THIRD$ aus Einflusssphäre entfernen;;Sacar a $THIRD$ de la esfera de influencia;;;;;;;;;x;;;;,,,,,,,,
take_from_sphere_setup;Take $THIRD$ from $RECIPIENT$'s sphere of influence;Enlever $THIRD$ à la sphère d'influence de $RECIPIENT$;$THIRD$ aus Einflusssphäre von $RECIPIENT$ entfernen;;Sacar a $THIRD$ de la esfera de influencia de $RECIPIENT$;;;;;;;;;x;;;;,,,,,,,,
unification_annex_casus_belli;War of Unification;Guerre d'unification;Vereinigungskrieg;;Guerra de unificación;;;;;;;;;x;;,,,,,,,,
unification_annex_casus_belli_desc;Liberate core territory of our §YCultural Union§W.;Libérez un territoire clé de notre §Yunion culturelle§W.;Befreien Sie das Kerngebiet unserer §YKulturunion§W;;Liberar territorio fundamental de nuestra §Yunión cultural§W;;;;;;;;;x;;,,,,,,,,
unification_annex_casus_belli_setup;Liberate core territory of our §YCultural Union§W.;Libérez un territoire clé de notre §Yunion culturelle§W.;Befreien Sie das Kerngebiet unserer §YKulturunion§W;;Liberar territorio fundamental de nuestra §Yunión cultural§W;;;;;;;;;x;;,,,,,,,,
unification_annex_casus_belli_short;Annexation;Annexion;Annektierung;;Anexión;;;;;;;;;x;;,,,,,,,,
unification_casus_belli;War of Unification;Guerre d'unification;Vereinigungskrieg;;Guerra de unificación;;;;;;;;;x;;,,,,,,,,
unification_casus_belli_desc;Liberate core territory of our §YCultural Union§W;Libérer un territoire clé de notre §Yunion culturelle§W;Befreien Sie das Kerngebiet unserer §YKulturunion§W;;Libera territorio fundamental de nuestra §Yunión cultural§W;;;;;;;;;x;;,,,,,,,,
unification_casus_belli_setup;Liberate core territory of our §YCultural Union§W.;Libérez un territoire clé de notre §Yunion culturelle§W.;Befreien Sie das Kerngebiet unserer §YKulturunion§W;;Liberar territorio fundamental de nuestra §Yunión cultural§W;;;;;;;;;x;;,,,,,,,,
unification_casus_belli_short;Liberate $STATE$ ;Libérer $STATE$ ;Befreien Sie $STATE$;;Liberar $STATE$ ;;;;;;;;;x;;,,,,,,,,
unification_humiliate_cb;Assert Hegemony;Imposer l'hégémonie;Vorherrschaft durchsetzen;;Imponer hegemonía;;;;;;;;;x;;,,,,,,,,
unification_humiliate_cb_desc;Force another Great Power to concede your leadership over your common cultural union. All his influence over countries in the area will be lost.;Force une autre Grande Puissance à vous concéder la primauté dans votre union culturelle commune. Toute son influence sur les pays de la zone sera perdue.;Zwingen Sie eine andere Großmacht, Ihre Führung Ihrer gemeinsamen Kulturunion zu akzeptieren. Der Einfluss der anderen Macht über Länder in dieser Region geht dadurch verloren.;;Obliga a otra gran potencia a aceptar tu liderazgo sobre una unión cultural común. Toda su influencia sobre los países de la zona se pierde.;;;;;;;;;x,,,,,,,
unification_humiliate_cb_setup;Force another Great Power to concede your leadership over your common cultural union.;Force une autre Grande Puissance à vous concéder la primauté dans votre union culturelle commune.;Zwingen Sie eine andere Großmacht, Ihre Führung Ihrer gemeinsamen Kulturunion zu akzeptieren.;;Obliga a otra gran potencia a aceptar tu liderazgo sobre una unión cultural común.;;;;;;;;;x,,,,,,,
unification_humiliate_cb_short;Admit Hegemony;Admettre l'hégémonie;Vorherrschaft anerkennen;;Aceptar hegemonía;;;;;;;;;x;;,,,,,,,,
NORMAL_UNIFICATION_HUMILIATE_NAME;The $FIRST$-$SECOND$ Brother's War;$FIRST$-$SECOND$ guerre fraternelle ;$ORDER$$FIRST$-$SECOND$er Bruderkrieg;;La Guerra Fraticida $FIRST$-$SECOND$;;;;;;;;;x;;,,,,,,,,
AGRESSION_UNIFICATION_HUMILIATE_NAME;The $FIRST$-$SECOND$ Brother's War;$FIRST$-$SECOND$ guerre fraternelle ;$ORDER$$FIRST$-$SECOND$er Bruderkrieg;;La Guerra Fraticida $FIRST$-$SECOND$;;;;;;;;;x;;,,,,,,,,
unification_release_puppet_cb_setup;Release $THIRD$ from $RECIPIENT$ and add them to your sphere of influence;;Befreit $THIRD$ von $RECIPIENT$ und fügt sie Eurem Einflussbereich hinzu;;;;;;;;x;;;,,,,,,,,
unification_release_puppet_cb_desc;Release our cultural kin from the control of foreigners and add them to your sphere of influence;;Befreit unsere kulturelle Sippschaft aus der Kontrolle der Fremden und fügt sie Eurem Einflussbereich hinzu;;;;;;;;x;;;,,,,,,,,
unification_release_puppet_cb;Free Cultural Kin;;Befreit kulturelle Sippschaft;;;;;;;;x;;;,,,,,,,,
unification_release_puppet_cb_short;$THIRD$ is released;;$THIRD$ wurde befreit;;;;;;;;x;;;,,,,,,,,
uninstall_communist_gov_cb;Uninstall communism;Révoquer le Communisme;Kommunismus absetzen;;;;;;;;;;;x,,,,,,,,
uninstall_communist_gov_cb_desc;Uninstall the communist government.;Révoquer le gouvernement communiste.;Die kommunistische Regierung absetzen.;;;;;;;;;;;x,,,,,,,,
uninstall_communist_gov_cb_setup;Uninstall the communist government.;Révoquer le gouvernement communiste.;Die kommunistische Regierung absetzen.;;;;;;;;;;;x,,,,,,,,
uninstall_communist_gov_cb_short;Uninstall communism.;Révoquer le Communisme.;Kommunismus absetzen;;;;;;;;;;;x,,,,,,,,
po_uninstall_communist_gov_type;Uninstall communist government;Révoquer le gouvernement communiste;Kommunistische Regierung absetzen;;;;;;;;;;x;,,,,,,,,
NORMAL_WAR_ADD_SPHERE_NAME;$ORDER$War of $SECOND$ Submission;$ORDER$ guerre de soumission $SECOND$;$ORDER$Krieg zur $SECOND$en Unterwerfung;;$ORDER$ Guerra de sumisión $SECOND$;;;;;;;;;x;,,,,,,,,
NORMAL_WAR_ADD_SPHERE_NAME_ENG_CHI;$ORDER$Opium War;$ORDER$ guerre de l'opium;$ORDER$Opiumkrieg;;;;;;;;;;;x,,,,,,,,
AGRESSION_WAR_ADD_SPHERE_NAME;$ORDER$War of $SECOND$ Subjugation;$ORDER$ guerre de subjugation $SECOND$;$ORDER$Krieg zur $SECOND$en Unterjochung;;$ORDER$ Guerra de subyugación $SECOND$;;;;;;;;;x;,,,,,,,,
NORMAL_WAR_ALL_CORES_NAME;$ORDER$War of $FIRST$ Liberation;;;;;;;;;;;;;x,,,,,,,,
AGRESSION_WAR_ALL_CORES_NAME;$ORDER$War of $FIRST$ Liberation;;;;;;;;;;;;;x,,,,,,,,
NORMAL_WAR_BOXER_NAME;$ORDER$Boxer Rebellion;$ORDER$ rébellion des Boxers;$ORDER$Boxer Aufstand;;;;;;;;;;;x,,,,,,,,
AGRESSION_WAR_BOXER_NAME;Boxer War;;;;;;;;;;;;;x,,,,,,,,
NORMAL_WAR_COLONIAL_NAME;$ORDER$$FIRST$ Colonial Conquest of $STATE$;$ORDER$$FIRST$ conquête coloniale de $STATE$;$ORDER$$FIRST$e Kolonialeroberung von $STATE$;;$ORDER$ Conquista colonial $FIRST$ de $STATE$;;;;;;;;;x;,,,,,,,,
AGRESSION_WAR_COLONIAL_NAME;$ORDER$$FIRST$ Colonial War for $STATE$;$ORDER$$FIRST$ guerre coloniale pour $STATE$;$ORDER$$FIRST$er Kolonialkrieg um $STATE$;;$ORDER$ Guerra colonial $FIRST$ por $STATE$;;;;;;;;;x;,,,,,,,,
NORMAL_WAR_CONCESSION_NAME;$ORDER$ War of The $STATE$ Concession;$ORDER$ Guerre de la Concession de $STATE$;$ORDER$ Konzessionskrieg gegen $STATE$;;$ORDER$ Guerra de la Concesión de $STATE$;;;;;;;;;x;;,,,,,,,,
AGRESSION_WAR_CONCESSION_NAME;$ORDER$ War of The $STATE$ Concession;$ORDER$ Guerre de la Concession de $STATE$;$ORDER$ Konzessionskrieg gegen $STATE$;;$ORDER$ Guerra de la Concesión de $STATE$;;;;;;;;;x;;,,,,,,,,
NORMAL_WAR_CONQUEST_NAME;$ORDER$Conquest of $SECOND$ War;$ORDER$$FIRST$ conquête de la $SECOND_COUNTRY$ guerre;$ORDER$Eroberung von $SECOND$em Land;;$ORDER$ Guerra de Conquista $SECOND$;;;;;;;;;x;,,,,,,,,
NORMAL_WAR_CONQUEST_NAME_ENG_ORA;$ORDER$Boer War;$ORDER$ guerre des Boers;$ORDER$Burenkrieg;;;;;;;;;;;x,,,,,,,,
NORMAL_WAR_CONQUEST_NAME_ENG_TRN;$ORDER$Boer War;$ORDER$ guerre des Boers;$ORDER$Burenkrieg;;;;;;;;;;;x,,,,,,,,
NORMAL_WAR_CONQUEST_NAME_ENG_USA;$ORDER$$SECOND$ War of Independence;$ORDER$$SECOND$ guerre d'indépendence;$ORDER$$SECOND$ Unabhängigkeitskrieg;;;;;;;;;;;x,,,,,,,,
AGRESSION_WAR_CONQUEST_NAME;$ORDER$War of $FIRST$ Aggression against $SECOND_COUNTRY$;$ORDER$ guerre d'aggression $FIRST$ sur $SECOND_COUNTRY$;$ORDER$$FIRST$er Aggressionskrieg gegen $SECOND$e Gebiete;;$ORDER$ Guerra de Agresión $FIRST$ contra $SECOND_COUNTRY$;;;;;;;;;x;,,,,,,,,
NORMAL_WAR_DISMANTLE_NAME;$ORDER$$FIRST$ War to Dismantle the $SECOND$ Empire;Grande Guerre $ORDER$$FIRST$-$SECOND$;$ORDER$$FIRST$-$SECOND$ Größer Krieg;Baza;Base:;Base:;Alap:;Základna:;;;;;;;x;;;;;;;;;;;;;;,,,,,,,,
AGRESSION_WAR_DISMANTLE_NAME;$ORDER$ War of $FIRST$ Aggression;$ORDER$ Offensive Militaire $FIRST$;$ORDER$ $FIRST$ Angriffskrieg;Wojna $ORDER$$FIRST$-$SECOND$;Guerra $ORDER$$FIRST$-$SECOND$;$ORDER$ Guerra $FIRST$-$SECOND$;$ORDER$$FIRST$-$SECOND$ háború;$ORDER$$FIRST$-$SECOND$ válka;;;;;;;x;;;;;;;;;;;;;;,,,,,,,,
NORMAL_WAR_FREE_NAME;$ORDER$$FIRST$ War of $COUNTRY_ADJ$ Freedom;$ORDER$$FIRST$ guerre de libération $COUNTRY_ADJ$;$ORDER$$FIRST$-$COUNTRY_ADJ$er Freiheitskrieg;;$ORDER$ Guerra $FIRST$ de liberación $COUNTRY_ADJ$;;;;;;;;;x;,,,,,,,,
AGRESSION_WAR_FREE_NAME;$ORDER$$FIRST$ War of Propping up $COUNTRY$;$ORDER$$FIRST$ guerre de soutien à $COUNTRY$;$ORDER$$FIRST$er Krieg zur Absicherung von $COUNTRY$;;$ORDER$ Guerra $FIRST$ de apoyo a $COUNTRY$;;;;;;;;;x;,,,,,,,,
NORMAL_WAR_GUNBOAT_NAME;$ORDER$$FIRST$ intervention in $SECOND_COUNTRY$;$ORDER$$FIRST$ intervention en $SECOND_COUNTRY$;$ORDER$$FIRST$ Intervention in $SECOND_COUNTRY$;;;;;;;;;;;x,,,,,,,,
NORMAL_WAR_GUNBOAT_NAME_ENG_CHI;$ORDER$Opium War;$ORDER$ guerre de l'opium;$ORDER$Opiumkrieg;;;;;;;;;;;x,,,,,,,,
NORMAL_WAR_GUNBOAT_NAME_FRA_MEX;$ORDER$Pastry War;$ORDER$ guerre de la pâtisserie;$ORDER$Kuchenkrieg;;;;;;;;;;;x,,,,,,,,
AGRESSION_WAR_GUNBOAT_NAME;Gunboat Diplomacy;;;;;;;;;;;;;x,,,,,,,,
NORMAL_WAR_HUMILIATE_NAME;$ORDER$$FIRST$-$SECOND$ War of Honor;$ORDER$ guerre pour l'honneur $FIRST$-$SECOND$;$ORDER$$FIRST$-$SECOND$ Krieg der Ehre;;;;;;;;;;;x,,,,,,,,
AGRESSION_WAR_HUMILIATE_NAME;$ORDER$$FIRST$ War to Humiliate $SECOND$;$ORDER$ guerre pour l'honneur $FIRST$-$SECOND$;$ORDER$$FIRST$-$SECOND$ Krieg der Ehre;;;;;;;;;;;x,,,,,,,,
NORMAL_WAR_INDEPENDENCE_NAME;$ORDER$$FIRST$ War of Independence;$ORDER$$FIRST$ guerre d'indépendance;$ORDER$$FIRST$ Unabhängigkeitskrieg;;;;;;;;;;;x,,,,,,,,
AGRESSION_WAR_INDEPENDENCE_NAME;$ORDER$$FIRST$ War of Independence;$ORDER$$FIRST$ guerre d'indépendance;$ORDER$$FIRST$ Unabhängigkeitskrieg;;;;;;;;;;;x,,,,,,,,
NORMAL_WAR_LIBERATE_NAME;$ORDER$$FIRST$ War of $COUNTRY_ADJ$ Freedom;$ORDER$$FIRST$ guerre de libération $COUNTRY_ADJ$;$ORDER$$FIRST$-$COUNTRY_ADJ$er Freiheitskrieg;;$ORDER$ Guerra $FIRST$ de liberación $COUNTRY_ADJ$;;;;;;;;;x,,,,,,,,
AGRESSION_WAR_LIBERATE_NAME;$ORDER$$FIRST$ War of $COUNTRY_ADJ$ Liberation;;$ORDER$$FIRST$-$COUNTRY_ADJ$er Befreiungskrieg;;;;;;;;x;;;,,,,,,,,
NORMAL_WAR_NAME;$ORDER$$FIRST$-$SECOND$ War;Guerre $ORDER$$FIRST$-$SECOND$;$ORDER$$FIRST$-$SECOND$er Krieg;Baza;Guerra $ORDER$$FIRST$-$SECOND$;Base:;Alap:;Základna:;;;;;;x;;;;,,,,,,,,
AGRESSION_WAR_NAME;$ORDER$War of $FIRST$ Aggression;$ORDER$$FIRST$ guerre d'aggression;$ORDER$$FIRST$er Angriffskrieg;Wojna $ORDER$$FIRST$-$SECOND$;$ORDER$Guerra de $FIRST$ agresión;$ORDER$ Guerra $FIRST$-$SECOND$;$ORDER$$FIRST$-$SECOND$ háború;$ORDER$$FIRST$-$SECOND$ válka;;;;;;x;;;;,,,,,,,,
NORMAL_WAR_NAME_COMMUNISM;The $ORDER$$FIRST$-$SECOND$ Revolutionary War;;;;;;;;;;;;;;;;;;x,,,,,,,,
AGRESSION_WAR_NAME_COMMUNISM;The $ORDER$$FIRST$-$SECOND$ Revolutionary War;;;;;;;;;;;;;;;;;;x,,,,,,,,
NORMAL_WAR_NAME_DEMOCRACY;$ORDER$$FIRST$-$SECOND$ Counterrevolution;;;;;;;;;;;;;;;;;;x,,,,,,,,
AGRESSION_WAR_NAME_DEMOCRACY;$ORDER$$FIRST$-$SECOND$ Counterrevolution;;;;;;;;;;;;;;;;;;x,,,,,,,,
NORMAL_WAR_NAME_ENG_USA;$ORDER$$SECOND$ War of Independence;$ORDER$$SECOND$ guerre d'indépendence;$ORDER$$SECOND$ Unabhängigkeitskrieg;;;;;;;;;;;x,,,,,,,,
NORMAL_WAR_NAME_FASCISM;The $ORDER$$FIRST$-$SECOND$ Blackshirt Revolution;;;;;;;;;;;;;;;;;;x,,,,,,,,
AGRESSION_WAR_NAME_FASCISM;The $ORDER$$FIRST$-$SECOND$ Blackshirt Revolution;;;;;;;;;;;;;;;;;;x,,,,,,,,
NORMAL_WAR_PROTECTORATE_NAME;$ORDER$ Acquisition of $FIRST$ $SECOND_COUNTRY$;$ORDER$ $FIRST$ acquisition de $SECOND_COUNTRY$;$ORDER$$FIRST$e Übernahme von $SECOND_COUNTRY$;;$ORDER$ Adquisición de $SECOND_COUNTRY$ $FIRST$ ;;;;;;;;;x;;,,,,,,,,
AGRESSION_WAR_PROTECTORATE_NAME;$ORDER$ Acquisition of $FIRST$ $SECOND_COUNTRY$;$ORDER$ $FIRST$ acquisition de $SECOND_COUNTRY$;$ORDER$$FIRST$e Übernahme von $SECOND_COUNTRY$;;$ORDER$ Adquisición de $SECOND_COUNTRY$ $FIRST$ ;;;;;;;;;x;;,,,,,,,,
NORMAL_WAR_PUPPET_NAME;$ORDER$War of $FIRST$ Control Over $SECOND_COUNTRY$;$ORDER$ guerre de $FIRST$ pour le contrôle de $SECOND_COUNTRY$;$ORDER$ Krieg um die Kontrolle von $FIRST$ über $SECOND_COUNTRY$;;;;;;;;;;;x,,,,,,,,
NORMAL_WAR_PUPPET_NAME_ENG_ORA;$ORDER$Boer War;$ORDER$ guerre des Boers;$ORDER$Burenkrieg;;;;;;;;;;;x,,,,,,,,
NORMAL_WAR_PUPPET_NAME_ENG_TRN;$ORDER$Boer War;$ORDER$ guerre des Boers;$ORDER$Burenkrieg;;;;;;;;;;;x,,,,,,,,
NORMAL_WAR_PUPPET_NAME_ENG_USA;$ORDER$$SECOND$ War of Independence;$ORDER$$SECOND$ guerre d'indépendence;$ORDER$$SECOND$ Unabhängigkeitskrieg;;;;;;;;;;;x,,,,,,,,
AGRESSION_WAR_PUPPET_NAME;$ORDER$War of $FIRST$ Control Over $SECOND_COUNTRY$;$ORDER$ guerre de $FIRST$ pour le contrôle de $SECOND_COUNTRY$;$ORDER$ Krieg um die Kontrolle von $FIRST$ über $SECOND_COUNTRY$;;;;;;;;;;;x,,,,,,,,
NORMAL_WAR_RESTORE_ORDER_NAME;$ORDER$$FIRST$ Restoration of Order to the $SECOND$ provinces;$ORDER$$FIRST$ rétablissement de l'ordre dans les provinces de $SECOND$;$ORDER$$FIRST$e Wiederherstellung der Ordnung in den $SECOND$en Provinzen;;$ORDER$ Restauración $FIRST$ del orden en las provincias $SECOND$;;;;;;;;;x;;,,,,,,,,
AGRESSION_WAR_RESTORE_ORDER_NAME;$ORDER$$FIRST$ Restoration of Order to the $SECOND$ provinces;$ORDER$$FIRST$ rétablissement de l'ordre dans les provinces de $SECOND$;$ORDER$$FIRST$e Wiederherstellung der Ordnung in den $SECOND$en Provinzen;;$ORDER$ Restauración $FIRST$ del orden en las provincias $SECOND$;;;;;;;;;x;;,,,,,,,,
NORMAL_WAR_RUDEBOI_NAME;$ORDER$$FIRST$ War of $SECOND$ Containment;$ORDER$$FIRST$ guerre de confinement $SECOND$;$ORDER$$FIRST$er Krieg zur $SECOND$en Beherrschung;;$ORDER$ Guerra $FIRST$ de contención $SECOND$;;;;;;;;;x;;,,,,,,,,
AGRESSION_WAR_RUDEBOI_NAME;$ORDER$$FIRST$ War of $SECOND$ Containment;$ORDER$$FIRST$ guerre de confinement $SECOND$;$ORDER$$FIRST$er Krieg zur $SECOND$en Beherrschung;;$ORDER$ Guerra $FIRST$ de contención $SECOND$;;;;;;;;;x;;,,,,,,,,
NORMAL_WAR_TAKE_CORE_NAME;$ORDER$$FIRST$ Liberation of $STATE$;$ORDER$$FIRST$ libération de $STATE$;$ORDER$$FIRST$e Befreiung von $STATE$;;$ORDER$ Liberación $FIRST$ de $STATE$;;;;;;;;;x;,,,,,,,,
NORMAL_WAR_TAKE_CORE_NAME_CHL_BOL;$ORDER$War of the Pacific;$ORDER$ guerre du Pacifique;$ORDER$Pazifikkrieg;;;;;;;;;;;x,,,,,,,,
NORMAL_WAR_TAKE_CORE_NAME_CHL_PEU;$ORDER$War of the Pacific;$ORDER$ guerre du Pacifique;$ORDER$Pazifikkrieg;;;;;;;;;;;x,,,,,,,,
NORMAL_WAR_TAKE_CORE_NAME_ENG_USA;$ORDER$$SECOND$ War of Independence;$ORDER$$SECOND$ guerre d'indépendence;$ORDER$$SECOND$ Unabhängigkeitskrieg;;;;;;;;;;;x,,,,,,,,
NORMAL_WAR_TAKE_CORE_NAME_USA_MEX_MEX;$ORDER$American Invasion of Mexico;$ORDER$ guerre américaine d'invasion du Mexique;$ORDER$Amerikanische Invasion von Mexiko;;;;;;;;;;;x,,,,,,,,
NORMAL_WAR_TAKE_CORE_NAME_USA_MEX_USA;$ORDER$Mexican-American War;$ORDER$ guerre mexicano-américaine;$ORDER$Mexikanisch-Amerikanischer Krieg;;;;;;;;;;;x,,,,,,,,
AGRESSION_WAR_TAKE_CORE_NAME;$ORDER$$FIRST$ Aggression for $STATE$;$ORDER$$FIRST$ aggression pour $STATE$;$ORDER$$FIRST$e Aggression gegen $STATE$;;$ORDER$ Agresión $FIRST$ por $STATE$;;;;;;;;;x;,,,,,,,,
NORMAL_WAR_TAKE_NAME;$ORDER$$FIRST$ Conquest of $STATE$;$ORDER$$FIRST$ conquête de $STATE$;$ORDER$$FIRST$e Eroberung von $STATE$;;$ORDER$ Conquista $FIRST$ de $STATE$;;;;;;;;;x;,,,,,,,,
NORMAL_WAR_TAKE_NAME_CHL_BOL;$ORDER$War of the Pacific;$ORDER$ guerre du Pacifique;$ORDER$Pazifikkrieg;;;;;;;;;;;x,,,,,,,,
NORMAL_WAR_TAKE_NAME_CHL_PEU;$ORDER$War of the Pacific;$ORDER$ guerre du Pacifique;$ORDER$Pazifikkrieg;;;;;;;;;;;x,,,,,,,,
NORMAL_WAR_TAKE_NAME_ENG_ORA;$ORDER$Boer War;$ORDER$ guerre des Boers;$ORDER$Burenkrieg;;;;;;;;;;;x,,,,,,,,
NORMAL_WAR_TAKE_NAME_ENG_TRN;$ORDER$Boer War;$ORDER$ guerre des Boers;$ORDER$Burenkrieg;;;;;;;;;;;x,,,,,,,,
NORMAL_WAR_TAKE_NAME_ENG_USA;$ORDER$$SECOND$ War of Independence;$ORDER$$SECOND$ guerre d'indépendence;$ORDER$$SECOND$ Unabhängigkeitskrieg;;;;;;;;;;;x,,,,,,,,
NORMAL_WAR_TAKE_NAME_ORA_ENG;$ORDER$Boer War;$ORDER$ guerre des Boers;$ORDER$Burenkrieg;;;;;;;;;;;x,,,,,,,,
NORMAL_WAR_TAKE_NAME_TRN_ENG;$ORDER$Boer War;$ORDER$ guerre des Boers;$ORDER$Burenkrieg;;;;;;;;;;;x,,,,,,,,
NORMAL_WAR_TAKE_NAME_USA_MEX_MEX;$ORDER$American Invasion of Mexico;$ORDER$ guerre américaine d'invasion du Mexique;$ORDER$Amerikanische Invasion von Mexiko;;;;;;;;;;;x,,,,,,,,
NORMAL_WAR_TAKE_NAME_USA_MEX_USA;$ORDER$Mexican-American War;$ORDER$ guerre mexicano-américaine;$ORDER$Mexikanisch-Amerikanischer Krieg;;;;;;;;;;;x,,,,,,,,
AGRESSION_WAR_TAKE_NAME;$ORDER$$FIRST$ War of $STATE$;$ORDER$$FIRST$ guerre pour $STATE$;$ORDER$$FIRST$er Krieg um $STATE$;;$ORDER$ Guerra $FIRST$ de $STATE$;;;;;;;;;x;,,,,,,,,
NORMAL_WAR_TAKE_SPHERE_NAME;$ORDER$$COUNTRY$ War;$ORDER$ guerre de $COUNTRY$;$ORDER$$COUNTRY$-Feldzug;;$ORDER$ Guerra de $COUNTRY$;;;;;;;;;x;,,,,,,,,
AGRESSION_WAR_TAKE_SPHERE_NAME;$ORDER$$FIRST$-$SECOND$ War over $COUNTRY$;$ORDER$ guerre $FIRST$-$SECOND$ pour $COUNTRY$;$ORDER$$FIRST$-$SECOND$er Krieg um $COUNTRY$;;$ORDER$ Guerra $FIRST$-$SECOND$ sobre $COUNTRY$;;;;;;;;;x;,,,,,,,,
NORMAL_WAR_UNIFICATION_ANNEX_NAME;$ORDER$ $FIRST$ Liberation of $SECOND_COUNTRY$;$ORDER$ $FIRST$ libération de $SECOND_COUNTRY$;$ORDER$$FIRST$e Befreiung von $SECOND_COUNTRY$;;$ORDER$ Liberación $FIRST$ de $SECOND_COUNTRY$;;;;;;;;;x;;,,,,,,,,
AGRESSION_WAR_UNIFICATION_ANNEX_NAME;$ORDER$ $FIRST$ Liberation of $SECOND_COUNTRY$;$ORDER$ $FIRST$ libération de $SECOND_COUNTRY$;$ORDER$$FIRST$e Befreiung von $SECOND_COUNTRY$;;$ORDER$ Liberación $FIRST$ de $SECOND_COUNTRY$;;;;;;;;;x;;,,,,,,,,
NORMAL_WAR_UNIFICATION_NAME;$ORDER$ $FIRST$ Liberation of $STATE$;$ORDER$$FIRST$ libération de $STATE$;$ORDER$$FIRST$e Befreiung von $STATE$;;$ORDER$ Liberación $FIRST$ de $STATE$;;;;;;;;;x;;,,,,,,,,
NORMAL_WAR_UNIFICATION_NAME_NGF_FRA;$ORDER$Franco-Prussian War;$ORDER$ guerre franco-prussienne;$ORDER$Franco-Preussischer Krieg;;;;;;;;;;;x,,,,,,,,
NORMAL_WAR_UNIFICATION_NAME_PRU_FRA;$ORDER$Franco-Prussian War;$ORDER$ guerre franco-prussienne;$ORDER$Franco-Preussischer Krieg;;;;;;;;;;;x,,,,,,,,
AGRESSION_WAR_UNIFICATION_NAME;$ORDER$ $FIRST$ Liberation of $STATE$;$ORDER$$FIRST$ libération de $STATE$;$ORDER$$FIRST$e Befreiung von $STATE$;;$ORDER$ Liberación $FIRST$ de $STATE$;;;;;;;;;x;;,,,,,,,,
ww1_central_powers_cb;World War 1 - Central Powers;;;;;;x,,,,,,,,
ww1_central_powers_cb_desc;Impose demands on the Triple Entente.;;;;;;x,,,,,,,,
ww1_entente_cb;World War 1 - Triple Entente;;;;;;x,,,,,,,,
ww1_entente_cb_desc;Impose demands on the Central Powers.;;;;;;x,,,,,,,,
ww1_entente_cb_short;World War 1 - Allies;;;;;;x,,,,,,,,
ww2_allies_cb;World War 2 - Allies;;;;;;x,,,,,,,,
ww2_allies_cb_setup;Forces the Axis powers to capitulate unconditionally.;;;;;;x,,,,,,,,
ww2_allies_cb_desc;If they win the Allied powers will spread democracy around the world.;;;;;;x,,,,,,,,
ww2_allies_cb_short;World War 2 - Allies;;;;;;x,,,,,,,,
ww2_axis_cb;World War 2 - Axis;;;;;;x,,,,,,,,
ww2_axis_cb_setup;Forces the Allies to capitulate unconditionally.;;;;;;x,,,,,,,,
ww2_axis_cb_desc;If they win the Axis powers will rule the world with an iron fist.;;;;;;x,,,,,,,,
ww2_axis_cb_short;World War 2 - Axis;;;;;;x,,,,,,,,
