BLZ_communist;Communist Party;;;;;;;;;;;;;x;;;;;;;;;;;;;;;;
BLZ_nationalist;Nationalist Faction;;;;;;;;;;;;;x;;;;;;;;;;;;;;;;
BLZ_liberal;Liberal Party;;;;;;;;;;;;;x;;;;;;;;;;;;;;;;
BLZ_conservative;Conservative Party;;;;;;;;;;;;;x;;;;;;;;;;;;;;;;
BLZ_anarcho_liberal;Radicalist Party;;;;;;;;;;;;;x;;;;;;;;;;;;;;;;
BLZ_socialist;Socialist Party;;;;;;;;;;;;;x;;;;;;;;;;;;;;;;
BLZ_reactionary;Populist Party;;;;;;;;;;;;;x;;;;;;;;;;;;;;;;
BLZ_fascist;Fascist Party;;;;;;;;;;;;;x;;;;;;;;;;;;;;;;
GUY_communist;Communist Party;;;;;;;;;;;;;x;;;;;;;;;;;;;;;;
GUY_nationalist;Nationalist Faction;;;;;;;;;;;;;x;;;;;;;;;;;;;;;;
GUY_liberal;Liberal Party;;;;;;;;;;;;;x;;;;;;;;;;;;;;;;
GUY_conservative;Conservative Party;;;;;;;;;;;;;x;;;;;;;;;;;;;;;;
GUY_anarcho_liberal;Radicalist Party;;;;;;;;;;;;;x;;;;;;;;;;;;;;;;
GUY_socialist;Socialist Party;;;;;;;;;;;;;x;;;;;;;;;;;;;;;;
GUY_reactionary;Populist Party;;;;;;;;;;;;;x;;;;;;;;;;;;;;;;
GUY_fascist;Fascist Party;;;;;;;;;;;;;x;;;;;;;;;;;;;;;;
LAO_communist;Communist Party;;;;;;;;;;;;;x;;;;;;;;;;;;;;;;
LAO_nationalist;Nationalist Faction;;;;;;;;;;;;;x;;;;;;;;;;;;;;;;
LAO_liberal;Liberal Party;;;;;;;;;;;;;x;;;;;;;;;;;;;;;;
LAO_conservative;Conservative Party;;;;;;;;;;;;;x;;;;;;;;;;;;;;;;
LAO_anarcho_liberal;Radicalist Party;;;;;;;;;;;;;x;;;;;;;;;;;;;;;;
LAO_socialist;Socialist Party;;;;;;;;;;;;;x;;;;;;;;;;;;;;;;
LAO_reactionary;Populist Party;;;;;;;;;;;;;x;;;;;;;;;;;;;;;;
LAO_fascist;Fascist Party;;;;;;;;;;;;;x;;;;;;;;;;;;;;;;
THA_communist;Communist Party;;;;;;;;;;;;;x;;;;;;;;;;;;;;;;
THA_nationalist;Nationalist Faction;;;;;;;;;;;;;x;;;;;;;;;;;;;;;;
THA_liberal;Liberal Party;;;;;;;;;;;;;x;;;;;;;;;;;;;;;;
THA_conservative;Conservative Party;;;;;;;;;;;;;x;;;;;;;;;;;;;;;;
THA_anarcho_liberal;Radicalist Party;;;;;;;;;;;;;x;;;;;;;;;;;;;;;;
THA_socialist;Socialist Party;;;;;;;;;;;;;x;;;;;;;;;;;;;;;;
THA_reactionary;Populist Party;;;;;;;;;;;;;x;;;;;;;;;;;;;;;;
THA_fascist;Fascist Party;;;;;;;;;;;;;x;;;;;;;;;;;;;;;;
CHD_communist;Chad Communist Party;;;;;;;;;;;;;x;;;;;;;;;;;;;;;;
CHD_nationalist;Chad Nationalist Faction;;;;;;;;;;;;;x;;;;;;;;;;;;;;;;
CHD_liberal;Chad Liberal Party;;;;;;;;;;;;;x;;;;;;;;;;;;;;;;
CHD_conservative;Chad Conservative Party;;;;;;;;;;;;;x;;;;;;;;;;;;;;;;
CHD_anarcho_liberal;Chad Radicalist Party;;;;;;;;;;;;;x;;;;;;;;;;;;;;;;
CHD_socialist;Chad Socialist Party;;;;;;;;;;;;;x;;;;;;;;;;;;;;;;
CHD_reactionary;Chad Populist Party;;;;;;;;;;;;;x;;;;;;;;;;;;;;;;
CHD_fascist;Chad Fascist Party;;;;;;;;;;;;;x;;;;;;;;;;;;;;;;
MAC_communist;Communist Party;;;;;;;;;;;;;x;;;;;;;;;;;;;;;;
MAC_nationalist;Nationalist Faction;;;;;;;;;;;;;x;;;;;;;;;;;;;;;;
MAC_liberal;Liberal Party;;;;;;;;;;;;;x;;;;;;;;;;;;;;;;
MAC_conservative;Conservative Party;;;;;;;;;;;;;x;;;;;;;;;;;;;;;;
MAC_anarcho_liberal;Radicalist Party;;;;;;;;;;;;;x;;;;;;;;;;;;;;;;
MAC_socialist;Socialist Party;;;;;;;;;;;;;x;;;;;;;;;;;;;;;;
MAC_reactionary;Populist Party;;;;;;;;;;;;;x;;;;;;;;;;;;;;;;
MAC_fascist;Fascist Party;;;;;;;;;;;;;x;;;;;;;;;;;;;;;;
CZR_communist;Communist Party;;;;;;;;;;;;;x;;;;;;;;;;;;;;;;
CZR_nationalist;Nationalist Faction;;;;;;;;;;;;;x;;;;;;;;;;;;;;;;
CZR_liberal;Liberal Party;;;;;;;;;;;;;x;;;;;;;;;;;;;;;;
CZR_conservative;Conservative Party;;;;;;;;;;;;;x;;;;;;;;;;;;;;;;
CZR_anarcho_liberal;Radicalist Party;;;;;;;;;;;;;x;;;;;;;;;;;;;;;;
CZR_socialist;Socialist Party;;;;;;;;;;;;;x;;;;;;;;;;;;;;;;
CZR_reactionary;Populist Party;;;;;;;;;;;;;x;;;;;;;;;;;;;;;;
CZR_fascist;Fascist Party;;;;;;;;;;;;;x;;;;;;;;;;;;;;;;
MAL_communist;Communist Party;;;;;;;;;;;;;x;;;;;;;;;;;;;;;;
MAL_nationalist;Nationalist Faction;;;;;;;;;;;;;x;;;;;;;;;;;;;;;;
MAL_liberal;Liberal Party;;;;;;;;;;;;;x;;;;;;;;;;;;;;;;
MAL_conservative;Conservative Party;;;;;;;;;;;;;x;;;;;;;;;;;;;;;;
MAL_anarcho_liberal;Radicalist Party;;;;;;;;;;;;;x;;;;;;;;;;;;;;;;
MAL_socialist;Socialist Party;;;;;;;;;;;;;x;;;;;;;;;;;;;;;;
MAL_reactionary;Populist Party;;;;;;;;;;;;;x;;;;;;;;;;;;;;;;
MAL_fascist;Fascist Party;;;;;;;;;;;;;x;;;;;;;;;;;;;;;;
ERI_communist;Communist Party;;;;;;;;;;;;;x;;;;;;;;;;;;;;;;
ERI_nationalist;Nationalist Faction;;;;;;;;;;;;;x;;;;;;;;;;;;;;;;
ERI_liberal;Liberal Party;;;;;;;;;;;;;x;;;;;;;;;;;;;;;;
ERI_conservative;Conservative Party;;;;;;;;;;;;;x;;;;;;;;;;;;;;;;
ERI_anarcho_liberal;Radicalist Party;;;;;;;;;;;;;x;;;;;;;;;;;;;;;;
ERI_socialist;Socialist Party;;;;;;;;;;;;;x;;;;;;;;;;;;;;;;
ERI_reactionary;Populist Party;;;;;;;;;;;;;x;;;;;;;;;;;;;;;;
ERI_fascist;Fascist Party;;;;;;;;;;;;;x;;;;;;;;;;;;;;;;
PTK_communist;Communist Party;;;;;;;;;;;;;x;;;;;;;;;;;;;;;;
PTK_nationalist;Nationalist Faction;;;;;;;;;;;;;x;;;;;;;;;;;;;;;;
PTK_liberal;Liberal Party;;;;;;;;;;;;;x;;;;;;;;;;;;;;;;
PTK_conservative;Conservative Party;;;;;;;;;;;;;x;;;;;;;;;;;;;;;;
PTK_anarcho_liberal;Radicalist Party;;;;;;;;;;;;;x;;;;;;;;;;;;;;;;
PTK_socialist;Socialist Party;;;;;;;;;;;;;x;;;;;;;;;;;;;;;;
PTK_reactionary;Populist Party;;;;;;;;;;;;;x;;;;;;;;;;;;;;;;
PTK_fascist;Fascist Party;;;;;;;;;;;;;x;;;;;;;;;;;;;;;;
KTA_communist;Communist Party;;;;;;;;;;;;;x;;;;;;;;;;;;;;;;
KTA_nationalist;Nationalist Faction;;;;;;;;;;;;;x;;;;;;;;;;;;;;;;
KTA_liberal;Liberal Party;;;;;;;;;;;;;x;;;;;;;;;;;;;;;;
KTA_conservative;Conservative Party;;;;;;;;;;;;;x;;;;;;;;;;;;;;;;
KTA_anarcho_liberal;Radicalist Party;;;;;;;;;;;;;x;;;;;;;;;;;;;;;;
KTA_socialist;Socialist Party;;;;;;;;;;;;;x;;;;;;;;;;;;;;;;
KTA_reactionary;Populist Party;;;;;;;;;;;;;x;;;;;;;;;;;;;;;;
KTA_fascist;Fascist Party;;;;;;;;;;;;;x;;;;;;;;;;;;;;;;
NKA_anarcho_liberal;Radicals;;;;;;;;;x;;;;
NKA_communist;Worker's Party of Korea;;;;;;;;;x;;;;
NKA_conservative;Tong Hak;;;;;;;;;x;;;;
NKA_conservative_2;Royalist;;;;;;;;;x;;;;
NKA_fascist;Fascist;Fasciste;;;;;;;;;x;;;;
NKA_liberal;Taewon'gun;;;;;;;;;x;;;;
NKA_liberal_2;Liberal Korea Party;;;;;;;;;x;;;;
NKA_liberal_3;Liberals;;;;;;;;;x;;;;
NKA_reactionary;Conservatives;;;;;;;;;x;;;;
NKA_socialist;Socialist;;;;;;;;;x;;;;
SKA_anarcho_liberal;Radicals;;;;;;;;;x;;;;
SKA_communist;Communist Party of Korea;;;;;;;;;x;;;;
SKA_conservative;Tong Hak;;;;;;;;;x;;;;
SKA_conservative_2;Royalist;;;;;;;;;x;;;;
SKA_fascist;Fascist;Fasciste;;;;;;;;;x;;;;
SKA_liberal;Taewon'gun;;;;;;;;;x;;;;
SKA_liberal_2;Pro-American;;;;;;;;;x;;;;
SKA_liberal_3;Liberals;;;;;;;;;x;;;;
SKA_reactionary;Conservatives;;;;;;;;;x;;;;
SKA_socialist;Socialist;;;;;;;;;x;;;;
IDO_anarcho_liberal;Partai Radikal Indonesia;;;;;;;;;x;;;;
IDO_communist;Partai Komunis Indonesia;;;;;;;;;x;;;;
IDO_conservative;Partai Demokrat;;;;;;;;;x;;;;
IDO_conservative_2;Partai Golkar;;;;;;;;;x;;;;
IDO_fascist;Partai Fasis Indonesia;;;;;;;;;x;;;;
IDO_liberal;PDI-Perjuangan;;;;;;;;;x;;;;
IDO_liberal_2;Partai Serikat Indonesia;;;;;;;;;x;;;;
IDO_liberal_3;Partai Nasdem;;;;;;;;;x;;;;
IDO_reactionary;Partai Gerindra;;;;;;;;;x;;;;
IDO_socialist;Partai Sosialis Indonesia;;;;;;;;;x;;;;
NCN_anarcho_liberal;Republicans;;;;;;;;;x;;;;
NCN_communist;Communist Party of China;;;;;;;;;x;;;;
NCN_conservative;Kuomintang;;;;;;;;;x;;;;
NCN_conservative_2;Zhiqiang;;;;;;;;;x;;;;
NCN_conservative_3;Beiyang;;;;;;;;;x;;;;
NCN_conservative_4;Kuomintang Chiang;;;;;;;;;x;;;;
NCN_fascist;Fascists;;;;;;;;;x;;;;
NCN_liberal;Reformers Party of China;;;;;;;;;x;;;;
NCN_liberal_2;Kuomintang Sun;;;;;;;;;x;;;;
NCN_liberal_3;Feng Yuxiang;;;;;;;;;x;;;;
NCN_reactionary;Kuomintang Reactionary;;;;;;;;;x;;;;
NCN_reactionary_2;Yuan Shi Kai;;;;;;;;;x;;;;
NCN_socialist;Socialists;;;;;;;;;x;;;;
ARP_anarcho_liberal;Libertarian Party;Partido Federalista;Partido Federalista;;;Partido Federalista;;;;;;;;x;;;;
ARP_communist;Communist Party;Partido communiste;Partido Communist;;;Partido Comunista;;;;;;;;x;;;;
ARP_conservative;Conservative Party;Partido Conservador;Partido Conservador;;;Partido Conservador;;;;;;;;x;;;;
ARP_fascist;Fascist Party;Partido fasciste;Partido Fascist;;;Partido Fascista;;;;;;;;x;;;;
ARP_liberal;Liberal Party;Partido Liberal;Partido Liberal;;;Partido Liberal;;;;;;;;x;;;;
ARP_reactionary;Radical Party;Partido Imperialista;Partido Imperialista;;;Partido Imperialista;;;;;;;;x;;;;
ARP_socialist;Socialist Party;Partido socialiste;Partido Socialist;;;Partido Socialista;;;;;;;;x;;;;
SQH_anarcho_liberal;Libertarian Party;Partido Federalista;Partido Federalista;;;Partido Federalista;;;;;;;;x;;;;
SQH_communist;Communist Party;Partido communiste;Partido Communist;;;Partido Comunista;;;;;;;;x;;;;
SQH_conservative;Conservative Party;Partido Conservador;Partido Conservador;;;Partido Conservador;;;;;;;;x;;;;
SQH_fascist;Fascist Party;Partido fasciste;Partido Fascist;;;Partido Fascista;;;;;;;;x;;;;
SQH_liberal;Liberal Party;Partido Liberal;Partido Liberal;;;Partido Liberal;;;;;;;;x;;;;
SQH_reactionary;Radical Party;Partido Imperialista;Partido Imperialista;;;Partido Imperialista;;;;;;;;x;;;;
SQH_socialist;Socialist Party;Partido socialiste;Partido Socialist;;;Partido Socialista;;;;;;;;x;;;;
SIX_anarcho_liberal;Libertarian Party;Partido Federalista;Partido Federalista;;;Partido Federalista;;;;;;;;x;;;;
SIX_communist;Communist Party;Partido communiste;Partido Communist;;;Partido Comunista;;;;;;;;x;;;;
SIX_conservative;Conservative Party;Partido Conservador;Partido Conservador;;;Partido Conservador;;;;;;;;x;;;;
SIX_fascist;Fascist Party;Partido fasciste;Partido Fascist;;;Partido Fascista;;;;;;;;x;;;;
SIX_liberal;Liberal Party;Partido Liberal;Partido Liberal;;;Partido Liberal;;;;;;;;x;;;;
SIX_reactionary;Radical Party;Partido Imperialista;Partido Imperialista;;;Partido Imperialista;;;;;;;;x;;;;
ARP_socialist;Socialist Party;Partido socialiste;Partido Socialist;;;Partido Socialista;;;;;;;;x;;;;
CYN_anarcho_liberal;Libertarian Party;Partido Federalista;Partido Federalista;;;Partido Federalista;;;;;;;;x;;;;
CYN_communist;Communist Party;Partido communiste;Partido Communist;;;Partido Comunista;;;;;;;;x;;;;
CYN_conservative;Conservative Party;Partido Conservador;Partido Conservador;;;Partido Conservador;;;;;;;;x;;;;
CYN_fascist;Fascist Party;Partido fasciste;Partido Fascist;;;Partido Fascista;;;;;;;;x;;;;
CYN_liberal;Liberal Party;Partido Liberal;Partido Liberal;;;Partido Liberal;;;;;;;;x;;;;
CYN_reactionary;Radical Party;Partido Imperialista;Partido Imperialista;;;Partido Imperialista;;;;;;;;x;;;;
CYN_socialist;Socialist Party;Partido socialiste;Partido Socialist;;;Partido Socialista;;;;;;;;x;;;;
CNK_anarcho_liberal;Libertarian Party;Partido Federalista;Partido Federalista;;;Partido Federalista;;;;;;;;x;;;;
CNK_communist;Communist Party;Partido communiste;Partido Communist;;;Partido Comunista;;;;;;;;x;;;;
CNK_conservative;Conservative Party;Partido Conservador;Partido Conservador;;;Partido Conservador;;;;;;;;x;;;;
CNK_fascist;Fascist Party;Partido fasciste;Partido Fascist;;;Partido Fascista;;;;;;;;x;;;;
CNK_liberal;Liberal Party;Partido Liberal;Partido Liberal;;;Partido Liberal;;;;;;;;x;;;;
CNK_reactionary;Radical Party;Partido Imperialista;Partido Imperialista;;;Partido Imperialista;;;;;;;;x;;;;
CNK_socialist;Socialist Party;Partido socialiste;Partido Socialist;;;Partido Socialista;;;;;;;;x;;;;
CMS_anarcho_liberal;Libertarian Party;Partido Federalista;Partido Federalista;;;Partido Federalista;;;;;;;;x;;;;
CMS_communist;Communist Party;Partido communiste;Partido Communist;;;Partido Comunista;;;;;;;;x;;;;
CMS_conservative;Conservative Party;Partido Conservador;Partido Conservador;;;Partido Conservador;;;;;;;;x;;;;
CMS_fascist;Fascist Party;Partido fasciste;Partido Fascist;;;Partido Fascista;;;;;;;;x;;;;
CMS_liberal;Liberal Party;Partido Liberal;Partido Liberal;;;Partido Liberal;;;;;;;;x;;;;
CMS_reactionary;Radical Party;Partido Imperialista;Partido Imperialista;;;Partido Imperialista;;;;;;;;x;;;;
CMS_socialist;Socialist Party;Partido socialiste;Partido Socialist;;;Partido Socialista;;;;;;;;x;;;;
ALT_anarcho_liberal;Libertarian Party;Partido Federalista;Partido Federalista;;;Partido Federalista;;;;;;;;x;;;;
ALT_communist;Communist Party;Partido communiste;Partido Communist;;;Partido Comunista;;;;;;;;x;;;;
ALT_conservative;Conservative Party;Partido Conservador;Partido Conservador;;;Partido Conservador;;;;;;;;x;;;;
ALT_fascist;Fascist Party;Partido fasciste;Partido Fascist;;;Partido Fascista;;;;;;;;x;;;;
ALT_liberal;Liberal Party;Partido Liberal;Partido Liberal;;;Partido Liberal;;;;;;;;x;;;;
ALT_reactionary;Radical Party;Partido Imperialista;Partido Imperialista;;;Partido Imperialista;;;;;;;;x;;;;
ALT_socialist;Socialist Party;Partido socialiste;Partido Socialist;;;Partido Socialista;;;;;;;;x;;;;
MCM_anarcho_liberal;Libertarian Party;Partido Federalista;Partido Federalista;;;Partido Federalista;;;;;;;;x;;;;
MCM_communist;Communist Party;Partido communiste;Partido Communist;;;Partido Comunista;;;;;;;;x;;;;
MCM_conservative;Conservative Party;Partido Conservador;Partido Conservador;;;Partido Conservador;;;;;;;;x;;;;
MCM_fascist;Fascist Party;Partido fasciste;Partido Fascist;;;Partido Fascista;;;;;;;;x;;;;
MCM_liberal;Liberal Party;Partido Liberal;Partido Liberal;;;Partido Liberal;;;;;;;;x;;;;
MCM_reactionary;Radical Party;Partido Imperialista;Partido Imperialista;;;Partido Imperialista;;;;;;;;x;;;;
MCM_socialist;Socialist Party;Partido socialiste;Partido Socialist;;;Partido Socialista;;;;;;;;x;;;;
LEN_anarcho_liberal;Libertarian Party;Partido Federalista;Partido Federalista;;;Partido Federalista;;;;;;;;x;;;;
LEN_communist;Communist Party;Partido communiste;Partido Communist;;;Partido Comunista;;;;;;;;x;;;;
LEN_conservative;Conservative Party;Partido Conservador;Partido Conservador;;;Partido Conservador;;;;;;;;x;;;;
LEN_fascist;Fascist Party;Partido fasciste;Partido Fascist;;;Partido Fascista;;;;;;;;x;;;;
LEN_liberal;Liberal Party;Partido Liberal;Partido Liberal;;;Partido Liberal;;;;;;;;x;;;;
LEN_reactionary;Radical Party;Partido Imperialista;Partido Imperialista;;;Partido Imperialista;;;;;;;;x;;;;
LEN_socialist;Socialist Party;Partido socialiste;Partido Socialist;;;Partido Socialista;;;;;;;;x;;;;
QUI_anarcho_liberal;Libertarian Party;Partido Federalista;Partido Federalista;;;Partido Federalista;;;;;;;;x;;;;
QUI_communist;Communist Party;Partido communiste;Partido Communist;;;Partido Comunista;;;;;;;;x;;;;
QUI_conservative;Conservative Party;Partido Conservador;Partido Conservador;;;Partido Conservador;;;;;;;;x;;;;
QUI_fascist;Fascist Party;Partido fasciste;Partido Fascist;;;Partido Fascista;;;;;;;;x;;;;
QUI_liberal;Liberal Party;Partido Liberal;Partido Liberal;;;Partido Liberal;;;;;;;;x;;;;
QUI_reactionary;Radical Party;Partido Imperialista;Partido Imperialista;;;Partido Imperialista;;;;;;;;x;;;;
QUI_socialist;Socialist Party;Partido socialiste;Partido Socialist;;;Partido Socialista;;;;;;;;x;;;;
POW_anarcho_liberal;Libertarian Party;Partido Federalista;Partido Federalista;;;Partido Federalista;;;;;;;;x;;;;
POW_communist;Communist Party;Partido communiste;Partido Communist;;;Partido Comunista;;;;;;;;x;;;;
POW_conservative;Conservative Party;Partido Conservador;Partido Conservador;;;Partido Conservador;;;;;;;;x;;;;
POW_fascist;Fascist Party;Partido fasciste;Partido Fascist;;;Partido Fascista;;;;;;;;x;;;;
POW_liberal;Liberal Party;Partido Liberal;Partido Liberal;;;Partido Liberal;;;;;;;;x;;;;
POW_reactionary;Radical Party;Partido Imperialista;Partido Imperialista;;;Partido Imperialista;;;;;;;;x;;;;
POW_socialist;Socialist Party;Partido socialiste;Partido Socialist;;;Partido Socialista;;;;;;;;x;;;;
KKK_anarcho_liberal;Radical Rednecks Faction;;;;;;;;;x;;;;
KKK_communist;Red Rednecks Faction;;;;;;;;;x;;;;
KKK_conservative;Blue Rednecks Faction;;;;;;;;;x;;;;
KKK_conservative_2;Red White and Blue Rednecks Faction;;;;;;;;;x;;;;
KKK_fascist;Brown Rednecks Faction;;;;;;;;;x;;;;
KKK_liberal_3;Yellow Rednecks Faction;;;;;;;;;x;;;;
KKK_reactionary;Black Rednecks Faction;;;;;;;;;x;;;;
KKK_socialist;Tankie Rednecks Faction;;;;;;;;;x;;;;
WLS_communist;Communist Party;;;;;;x
WLS_conservative;Conservative Party;;;;;;x
WLS_fascist;Fascist Party;;;;;;x
WLS_liberal;Liberal Party;;;;;;x
WLS_liberal_2;Liberal Party;;;;;;x
WLS_socialist;Labour Party;;;;;;x
WLS_reactionary;Tory Party;;;;;;x
BSQ_communist;Communist Party;;;;;;x
BSQ_conservative;Conservative Party;;;;;;x
BSQ_fascist;Fascist Party;;;;;;x
BSQ_liberal;Liberal Party;;;;;;x
BSQ_liberal_2;Liberal Party;;;;;;x
BSQ_socialist;Labour Party;;;;;;x
BSQ_reactionary;Reactionary Party;;;;;;x
LSK_communist;Communist Party;;;;;;x
LSK_conservative;Conservative Party;;;;;;x
LSK_fascist;Alaskan Fascist Party;;;;;;x
LSK_liberal;Alaskan Liberal Party;;;;;;x
LSK_liberal_2;Alaskan Liberal Party;;;;;;x
LSK_socialist;Alaskan Labour Party;;;;;;x
LSK_reactionary;Alaskan Reactionary Party;;;;;;x
SCL_anarcho_liberal;The Radical Faction;Faction radicale;Die radikale Fraktion;;La facción radical;;;;;;;;;x;;;;
SCL_communist;The Communist Faction;Faction communiste;Die kommunistische Fraktion;;La facción comunista;;;;;;;;;x;;;;
SCL_conservative;Royal Faction;Faction royale;Königsfraktion;;Facción real;;;;;;;;;x;;;;
SCL_fascist;The Fascist Faction;Faction fasciste;Die faschistische Fraktion;;La facción fascista;;;;;;;;;x;;;;
SCL_liberal;The Liberal Faction;Faction libérale;Die liberale Fraktion;;La facción liberal;;;;;;;;;x;;;;
SCL_reactionary;The Nationalist Faction;Faction nationaliste;Die nationalistische Fraktion;;La facción nacionalista;;;;;;;;;x;;;;
SCL_socialist;The Socialist Faction;Faction socialiste;Die sozialistische Fraktion;;La facción socialista;;;;;;;;;x;;;;
COR_anarcho_liberal;The Radical Faction;Faction radicale;Die radikale Fraktion;;La facción radical;;;;;;;;;x;;;;
COR_communist;The Communist Faction;Faction communiste;Die kommunistische Fraktion;;La facción comunista;;;;;;;;;x;;;;
COR_conservative;Royal Faction;Faction royale;Königsfraktion;;Facción real;;;;;;;;;x;;;;
COR_fascist;The Fascist Faction;Faction fasciste;Die faschistische Fraktion;;La facción fascista;;;;;;;;;x;;;;
COR_liberal;The Liberal Faction;Faction libérale;Die liberale Fraktion;;La facción liberal;;;;;;;;;x;;;;
COR_reactionary;The Nationalist Faction;Faction nationaliste;Die nationalistische Fraktion;;La facción nacionalista;;;;;;;;;x;;;;
COR_socialist;The Socialist Faction;Faction socialiste;Die sozialistische Fraktion;;La facción socialista;;;;;;;;;x;;;;
TNT_anarcho_liberal;The Radical Faction;Faction radicale;Die radikale Fraktion;;La facción radical;;;;;;;;;x;;;;
TNT_communist;The Communist Faction;Faction communiste;Die kommunistische Fraktion;;La facción comunista;;;;;;;;;x;;;;
TNT_conservative;Royal Faction;Faction royale;Königsfraktion;;Facción real;;;;;;;;;x;;;;
TNT_fascist;The Fascist Faction;Faction fasciste;Die faschistische Fraktion;;La facción fascista;;;;;;;;;x;;;;
TNT_liberal;The Liberal Faction;Faction libérale;Die liberale Fraktion;;La facción liberal;;;;;;;;;x;;;;
TNT_reactionary;The Nationalist Faction;Faction nationaliste;Die nationalistische Fraktion;;La facción nacionalista;;;;;;;;;x;;;;
TNT_socialist;The Socialist Faction;Faction socialiste;Die sozialistische Fraktion;;La facción socialista;;;;;;;;;x;;;;
BGL_anarcho_liberal;The Radical Faction;Faction radicale;Die radikale Fraktion;;La facción radical;;;;;;;;;x;;;;
BGL_communist;The Communist Faction;Faction communiste;Die kommunistische Fraktion;;La facción comunista;;;;;;;;;x;;;;
BGL_conservative;Royal Faction;Faction royale;Königsfraktion;;Facción real;;;;;;;;;x;;;;
BGL_fascist;The Fascist Faction;Faction fasciste;Die faschistische Fraktion;;La facción fascista;;;;;;;;;x;;;;
BGL_liberal;The Liberal Faction;Faction libérale;Die liberale Fraktion;;La facción liberal;;;;;;;;;x;;;;
BGL_reactionary;The Nationalist Faction;Faction nationaliste;Die nationalistische Fraktion;;La facción nacionalista;;;;;;;;;x;;;;
BGL_socialist;The Socialist Faction;Faction socialiste;Die sozialistische Fraktion;;La facción socialista;;;;;;;;;x;;;;
ERI_communist;Communist Party;;;;;;x
ERI_conservative;Conservative Party;;;;;;x
ERI_fascist;Fascist Party;;;;;;x
ERI_liberal;Liberal Party;;;;;;x
ERI_liberal_2;Liberal Party;;;;;;x
ERI_socialist;Labour Party;;;;;;x
ERI_reactionary;Reactionary Party;;;;;;x
GWD_communist;Communist Faction;;;;;;x
GWD_conservative;Conservative Faction;;;;;;x
GWD_fascist;Fascist Faction;;;;;;x
GWD_liberal;Liberal Faction;;;;;;x
GWD_liberal_2;Liberal Faction;;;;;;x
GWD_socialist;Labour Faction;;;;;;x
GWD_reactionary;Reactionary Faction;;;;;;x
MDR_communist;Communist Faction;;;;;;x
MDR_conservative;Conservative FactionFaction;;;;;;x
MDR_fascist;Fascist Faction;;;;;;x
MDR_liberal;Liberal Faction;;;;;;x
MDR_liberal_2;Liberal Faction;;;;;;x
MDR_socialist;Labour Faction;;;;;;x
MDR_reactionary;Reactionary Faction;;;;;;x
BNJ_communist;Communist Faction;;;;;;x
BNJ_conservative;Conservative Faction;;;;;;x
BNJ_fascist;Fascist Faction;;;;;;x
BNJ_liberal;Liberal Faction;;;;;;x
BNJ_liberal_2;Liberal Faction;;;;;;x
BNJ_socialist;Labour Faction;;;;;;x
BNJ_reactionary;Reactionary Faction;;;;;;x
SLW_communist;Communist Faction;;;;;;x
SLW_conservative;Conservative Faction;;;;;;x
SLW_fascist;Fascist Faction;;;;;;x
SLW_liberal;Liberal Faction;;;;;;x
SLW_liberal_2;Liberal Faction;;;;;;x
SLW_socialist;Labour Faction;;;;;;x
SLW_reactionary;Reactionary Faction;;;;;;x
MLK_communist;Communist Faction;;;;;;x
MLK_conservative;Conservative Faction;;;;;;x
MLK_fascist;Fascist Faction;;;;;;x
MLK_liberal;Liberal Faction;;;;;;x
MLK_liberal_2;Liberal Faction;;;;;;x
MLK_socialist;Labour Faction;;;;;;x
MLK_reactionary;Reactionary Faction;;;;;;x
BNT_communist;Communist Faction;;;;;;x
BNT_conservative;Conservative Faction;;;;;;x
BNT_fascist;Fascist Faction;;;;;;x
BNT_liberal;Liberal Faction;;;;;;x
BNT_liberal_2;Liberal Faction;;;;;;x
BNT_socialist;Labour Faction;;;;;;x
BNT_reactionary;Reactionary Faction;;;;;;x
MTR_anarcho_liberal;Anarcho Liberal Faction;;;;;;x
MTR_communist;Communist Faction;;;;;;x
MTR_conservative;Conservative Faction;;;;;;x
MTR_fascist;Fascist Faction;;;;;;x
MTR_liberal;Liberal Faction;;;;;;x
MTR_liberal_2;Liberal Faction;;;;;;x
MTR_socialist;Labour Faction;;;;;;x
MTR_reactionary;Reactionary Faction;;;;;;x
KYR_communist;Communist Party;;;;;;x
KYR_conservative;Conservative Party;;;;;;x
KYR_fascist;Fascist Party;;;;;;x
KYR_liberal;Liberal Party;;;;;;x
KYR_liberal_2;Liberal Party;;;;;;x
KYR_socialist;Labour Party;;;;;;x
KYR_reactionary;Reactionary Party;;;;;;x
UZB_communist;Communist Party;;;;;;x
UZB_conservative;Conservative Party;;;;;;x
UZB_fascist;Fascist Party;;;;;;x
UZB_liberal;Liberal Party;;;;;;x
UZB_liberal_2;Liberal Party;;;;;;x
UZB_socialist;Labour Party;;;;;;x
UZB_reactionary;Reactionary Party;;;;;;x
TAJ_communist;Communist Party;;;;;;x
TAJ_conservative;Conservative Party;;;;;;x
TAJ_fascist;Fascist Party;;;;;;x
TAJ_liberal;Liberal Party;;;;;;x
TAJ_liberal_2;Liberal Party;;;;;;x
TAJ_socialist;Labour Party;;;;;;x
TAJ_reactionary;Reactionary Party;;;;;;x
TRM_communist;Communist Party;;;;;;x
TRM_conservative;Conservative Party;;;;;;x
TRM_fascist;Fascist Party;;;;;;x
TRM_liberal;Liberal Party;;;;;;x
TRM_liberal_2;Liberal Party;;;;;;x
TRM_socialist;Labour Party;;;;;;x
TRM_reactionary;Reactionary Party;;;;;;x
KAZ_communist;Communist;;;;;;x
KAZ_conservative;Conservatives;;;;;;x
KAZ_fascist;Fascists;;;;;;x
KAZ_liberal;Liberals;;;;;;x
KAZ_liberal_2;Liberals Radicals;;;;;;x
KAZ_socialist;Labours;;;;;;x
KAZ_reactionary;Reactionaries;;;;;;x
GOL_communist;Communist Faction;;;;;;x
GOL_conservative;Conservative Faction;;;;;;x
GOL_fascist;Fascist Faction;;;;;;x
GOL_liberal;Liberal Faction;;;;;;x
GOL_liberal_2;Liberal Faction;;;;;;x
GOL_socialist;Labour Faction;;;;;;x
GOL_reactionary;Reactionary Faction;;;;;;x
BIJ_communist;Communist Faction;;;;;;x
BIJ_conservative;Conservative Faction;;;;;;x
BIJ_fascist;Fascist Faction;;;;;;x
BIJ_liberal;Liberal Faction;;;;;;x
BIJ_liberal_2;Liberal Faction;;;;;;x
BIJ_socialist;Labour Faction;;;;;;x
BIJ_reactionary;Reactionary Faction;;;;;;x
ORI_communist;Communist Faction;;;;;;x
ORI_conservative;Conservative Faction;;;;;;x
ORI_fascist;Fascist Faction;;;;;;x
ORI_liberal;Liberal Faction;;;;;;x
ORI_liberal_2;Liberal Faction;;;;;;x
ORI_socialist;Labour Faction;;;;;;x
ORI_reactionary;Reactionary Faction;;;;;;x
MYS_communist;Communist Faction;;;;;;x
MYS_conservative;Conservative Faction;;;;;;x
MYS_fascist;Fascist Faction;;;;;;x
MYS_liberal;Liberal Faction;;;;;;x
MYS_liberal_2;Liberal Faction;;;;;;x
MYS_socialist;Labour Faction;;;;;;x
MYS_reactionary;Reactionary Faction;;;;;;x
SVI_communist;Communist Party;;;;;;x
SVI_conservative;Conservative Party;;;;;;x
SVI_fascist;Fascist Party;;;;;;x
SVI_liberal;Liberal Party;;;;;;x
SVI_liberal_2;Liberal Party;;;;;;x
SVI_socialist;Labour Party;;;;;;x
SVI_reactionary;Reactionary Party;;;;;;x
FJN_anarcho_liberal;Republicans;;;;;;;;;x;;;;
FJN_communist;Communist Party of China;;;;;;;;;x;;;;
FJN_conservative;Kuomintang;;;;;;;;;x;;;;
FJN_conservative_2;Zhiqiang;;;;;;;;;x;;;;
FJN_conservative_3;Beiyang;;;;;;;;;x;;;;
FJN_conservative_4;Kuomintang Chiang;;;;;;;;;x;;;;
FJN_fascist;Fascists;;;;;;;;;x;;;;
FJN_liberal;Reformers Party of China;;;;;;;;;x;;;;
FJN_liberal_2;Kuomintang Sun;;;;;;;;;x;;;;
FJN_liberal_3;Feng Yuxiang;;;;;;;;;x;;;;
FJN_reactionary;Kuomintang Reactionary;;;;;;;;;x;;;;
FJN_reactionary_2;Yuan Shi Kai;;;;;;;;;x;;;;
FJN_socialist;Socialists;;;;;;;;;x;;;;
GNG_anarcho_liberal;Republicans;;;;;;;;;x;;;;
GNG_communist;Communist Party of China;;;;;;;;;x;;;;
GNG_conservative;Kuomintang;;;;;;;;;x;;;;
GNG_conservative_2;Zhiqiang;;;;;;;;;x;;;;
GNG_conservative_3;Beiyang;;;;;;;;;x;;;;
GNG_conservative_4;Kuomintang Chiang;;;;;;;;;x;;;;
GNG_fascist;Fascists;;;;;;;;;x;;;;
GNG_liberal;Reformers Party of China;;;;;;;;;x;;;;
GNG_liberal_2;Kuomintang Sun;;;;;;;;;x;;;;
GNG_liberal_3;Feng Yuxiang;;;;;;;;;x;;;;
GNG_reactionary;Kuomintang Reactionary;;;;;;;;;x;;;;
GNG_reactionary_2;Yuan Shi Kai;;;;;;;;;x;;;;
GNG_socialist;Socialists;;;;;;;;;x;;;;
HNN_anarcho_liberal;Republicans;;;;;;;;;x;;;;
HNN_communist;Communist Party of China;;;;;;;;;x;;;;
HNN_conservative;Kuomintang;;;;;;;;;x;;;;
HNN_conservative_2;Zhiqiang;;;;;;;;;x;;;;
HNN_conservative_3;Beiyang;;;;;;;;;x;;;;
HNN_conservative_4;Kuomintang Chiang;;;;;;;;;x;;;;
HNN_fascist;Fascists;;;;;;;;;x;;;;
HNN_liberal;Reformers Party of China;;;;;;;;;x;;;;
HNN_liberal_2;Kuomintang Sun;;;;;;;;;x;;;;
HNN_liberal_3;Feng Yuxiang;;;;;;;;;x;;;;
HNN_reactionary;Kuomintang Reactionary;;;;;;;;;x;;;;
HNN_reactionary_2;Yuan Shi Kai;;;;;;;;;x;;;;
HNN_socialist;Socialists;;;;;;;;;x;;;;
HUI_anarcho_liberal;Republicans;;;;;;;;;x;;;;
HUI_communist;Communist Party of China;;;;;;;;;x;;;;
HUI_conservative;Kuomintang;;;;;;;;;x;;;;
HUI_conservative_2;Zhiqiang;;;;;;;;;x;;;;
HUI_conservative_3;Beiyang;;;;;;;;;x;;;;
HUI_conservative_4;Kuomintang Chiang;;;;;;;;;x;;;;
HUI_fascist;Fascists;;;;;;;;;x;;;;
HUI_liberal;Reformers Party of China;;;;;;;;;x;;;;
HUI_liberal_2;Kuomintang Sun;;;;;;;;;x;;;;
HUI_liberal_3;Feng Yuxiang;;;;;;;;;x;;;;
HUI_reactionary;Kuomintang Reactionary;;;;;;;;;x;;;;
HUI_reactionary_2;Yuan Shi Kai;;;;;;;;;x;;;;
HUI_socialist;Socialists;;;;;;;;;x;;;;
SZC_anarcho_liberal;Republicans;;;;;;;;;x;;;;
SZC_communist;Communist Party of China;;;;;;;;;x;;;;
SZC_conservative;Kuomintang;;;;;;;;;x;;;;
SZC_conservative_2;Zhiqiang;;;;;;;;;x;;;;
SZC_conservative_3;Beiyang;;;;;;;;;x;;;;
SZC_conservative_4;Kuomintang Chiang;;;;;;;;;x;;;;
SZC_fascist;Fascists;;;;;;;;;x;;;;
SZC_liberal;Reformers Party of China;;;;;;;;;x;;;;
SZC_liberal_2;Kuomintang Sun;;;;;;;;;x;;;;
SZC_liberal_3;Feng Yuxiang;;;;;;;;;x;;;;
SZC_reactionary;Kuomintang Reactionary;;;;;;;;;x;;;;
SZC_reactionary_2;Yuan Shi Kai;;;;;;;;;x;;;;
SZC_socialist;Socialists;;;;;;;;;x;;;;
TAI_anarcho_liberal;Republicans;;;;;;;;;x;;;;
TAI_communist;Communist Party of China;;;;;;;;;x;;;;
TAI_conservative;Kuomintang;;;;;;;;;x;;;;
TAI_conservative_2;Zhiqiang;;;;;;;;;x;;;;
TAI_conservative_3;Beiyang;;;;;;;;;x;;;;
TAI_conservative_4;Kuomintang Chiang;;;;;;;;;x;;;;
TAI_fascist;Fascists;;;;;;;;;x;;;;
TAI_liberal;Reformers Party of China;;;;;;;;;x;;;;
TAI_liberal_2;Kuomintang Sun;;;;;;;;;x;;;;
TAI_liberal_3;Feng Yuxiang;;;;;;;;;x;;;;
TAI_reactionary;Kuomintang Reactionary;;;;;;;;;x;;;;
TAI_reactionary_2;Yuan Shi Kai;;;;;;;;;x;;;;
TAI_socialist;Socialists;;;;;;;;;x;;;;
ZHI_anarcho_liberal;Republicans;;;;;;;;;x;;;;
ZHI_communist;Communist Party of China;;;;;;;;;x;;;;
ZHI_conservative;Kuomintang;;;;;;;;;x;;;;
ZHI_conservative_2;Zhiqiang;;;;;;;;;x;;;;
ZHI_conservative_3;Beiyang;;;;;;;;;x;;;;
ZHI_conservative_4;Kuomintang Chiang;;;;;;;;;x;;;;
ZHI_fascist;Fascists;;;;;;;;;x;;;;
ZHI_liberal;Reformers Party of China;;;;;;;;;x;;;;
ZHI_liberal_2;Kuomintang Sun;;;;;;;;;x;;;;
ZHI_liberal_3;Feng Yuxiang;;;;;;;;;x;;;;
ZHI_reactionary;Kuomintang Reactionary;;;;;;;;;x;;;;
ZHI_reactionary_2;Yuan Shi Kai;;;;;;;;;x;;;;
ZHI_socialist;Socialists;;;;;;;;;x;;;;
KUR_anarcho_liberal;Kurdish Anarcho Liberal Party;;;;;;;;;x;;;;
KUR_communist;Kurdish Communist Party;;;;;;;;;x;;;;
KUR_conservative;Kurdish Conservative Party;;;;;;;;;x;;;;
KUR_fascist;Kurdish Fascist Party;;;;;;;;;x;;;;
KUR_liberal;Reformers Party of the Kurds;;;;;;;;;x;;;;
KUR_reactionary;Kurdish Reactionary;;;;;;;;;x;;;;
KUR_socialist;Kurdish Socialist Party;;;;;;;;;x;;;;
MCU_anarcho_liberal;Republicans;;;;;;;;;x;;;;
MCU_communist;Communist Party of China;;;;;;;;;x;;;;
MCU_conservative;Kuomintang;;;;;;;;;x;;;;
MCU_conservative_2;Zhiqiang;;;;;;;;;x;;;;
MCU_conservative_3;Beiyang;;;;;;;;;x;;;;
MCU_conservative_4;Kuomintang Chiang;;;;;;;;;x;;;;
MCU_fascist;Fascists;;;;;;;;;x;;;;
MCU_liberal;Reformers Party of China;;;;;;;;;x;;;;
MCU_liberal_2;Kuomintang Sun;;;;;;;;;x;;;;
MCU_liberal_3;Feng Yuxiang;;;;;;;;;x;;;;
MCU_reactionary;Kuomintang Reactionary;;;;;;;;;x;;;;
MCU_reactionary_2;Yuan Shi Kai;;;;;;;;;x;;;;
MCU_socialist;Socialists;;;;;;;;;x;;;;
HKG_anarcho_liberal;Republicans;;;;;;;;;x;;;;
HKG_communist;Communist Party of China;;;;;;;;;x;;;;
HKG_conservative;Kuomintang;;;;;;;;;x;;;;
HKG_conservative_2;Zhiqiang;;;;;;;;;x;;;;
HKG_conservative_3;Beiyang;;;;;;;;;x;;;;
HKG_conservative_4;Kuomintang Chiang;;;;;;;;;x;;;;
HKG_fascist;Fascists;;;;;;;;;x;;;;
HKG_liberal;Reformers Party of China;;;;;;;;;x;;;;
HKG_liberal_2;Kuomintang Sun;;;;;;;;;x;;;;
HKG_liberal_3;Feng Yuxiang;;;;;;;;;x;;;;
CHI_liberal_4;Zhang Xueliang;;;;;;;;;x;;;;
HKG_reactionary;Kuomintang Reactionary;;;;;;;;;x;;;;
HKG_reactionary_2;Yuan Shi Kai;;;;;;;;;x;;;;
HKG_socialist;Socialists;;;;;;;;;x;;;;
PEG_anarcho_liberal;Liberal Faction;;;;;;;;;x;;;;
PEG_communist;Communist Party of Greece;;;;;;;;;x;;;;
PEG_conservative;Conservative Faction;;;;;;;;;x;;;;
PEG_fascist;Fascist Faction;;;;;;;;;x;;;;
PEG_liberal;Reformers Faction;;;;;;;;;x;;;;
PEG_reactionary;Reactionary Faction;;;;;;;;;x;;;;
PEG_socialist;Socialists Faction;;;;;;;;;x;;;;
UAR_anarcho_liberal;Anarcho Liberal Faction;;;;;;;;;x;;;;
UAR_communist;Communist Faction;;;;;;;;;x;;;;
UAR_conservative;Conservative Faction;;;;;;;;;x;;;;
UAR_fascist;Fascists Faction;;;;;;;;;x;;;;
UAR_liberal;Reformers Faction;;;;;;;;;x;;;;
UAR_reactionary;Reactionary Faction;;;;;;;;;x;;;;
UAR_socialist;Socialists Faction;;;;;;;;;x;;;;
KUW_anarcho_liberal;Anarcho Liberal Faction;;;;;;;;;x;;;;
KUW_communist;Communist Faction;;;;;;;;;x;;;;
KUW_conservative;Conservative Faction;;;;;;;;;x;;;;
KUW_fascist;Fascists Faction;;;;;;;;;x;;;;
KUW_liberal;Reformers Faction;;;;;;;;;x;;;;
KUW_reactionary;Reactionary Faction;;;;;;;;;x;;;;
KUW_socialist;Socialists Faction;;;;;;;;;x;;;;
BAH_anarcho_liberal;Anarcho Liberal Faction;;;;;;;;;x;;;;
BAH_communist;Communist Faction;;;;;;;;;x;;;;
BAH_conservative;Conservative Faction;;;;;;;;;x;;;;
BAH_fascist;Fascists Faction;;;;;;;;;x;;;;
BAH_liberal;Reformers Faction;;;;;;;;;x;;;;
BAH_reactionary;Reactionary Faction;;;;;;;;;x;;;;
BAH_socialist;Socialists Faction;;;;;;;;;x;;;;
PAL_anarcho_liberal;Anarcho Liberal Faction;;;;;;;;;x;;;;
PAL_communist;Communist Faction;;;;;;;;;x;;;;
PAL_conservative;Conservative Faction;;;;;;;;;x;;;;
PAL_fascist;Fascists Faction;;;;;;;;;x;;;;
PAL_liberal;Reformers Faction;;;;;;;;;x;;;;
PAL_reactionary;Reactionary Faction;;;;;;;;;x;;;;
PAL_socialist;Socialists Faction;;;;;;;;;x;;;;
LYB_anarcho_liberal;Anarcho Liberal Faction;;;;;;;;;x;;;;
LYB_communist;Communist Faction;;;;;;;;;x;;;;
LYB_conservative;Conservative Faction;;;;;;;;;x;;;;
LYB_fascist;Fascists Faction;;;;;;;;;x;;;;
LYB_liberal;Reformers Faction;;;;;;;;;x;;;;
LYB_reactionary;Reactionary Faction;;;;;;;;;x;;;;
LYB_socialist;Socialists Faction;;;;;;;;;x;;;;
LEB_anarcho_liberal;Anarcho Liberal Faction;;;;;;;;;x;;;;
LEB_communist;Communist Faction;;;;;;;;;x;;;;
LEB_conservative;Conservative Faction;;;;;;;;;x;;;;
LEB_fascist;Fascists Faction;;;;;;;;;x;;;;
LEB_liberal;Reformers Faction;;;;;;;;;x;;;;
LEB_reactionary;Reactionary Faction;;;;;;;;;x;;;;
LEB_socialist;Socialists Faction;;;;;;;;;x;;;;
MOO_anarcho_liberal;Anarcho Liberal Faction;;;;;;;;;x;;;;
MOO_communist;Communist Faction;;;;;;;;;x;;;;
MOO_conservative;Conservative Faction;;;;;;;;;x;;;;
MOO_fascist;Fascists Faction;;;;;;;;;x;;;;
MOO_liberal;Reformers Faction;;;;;;;;;x;;;;
MOO_reactionary;Reactionary Faction;;;;;;;;;x;;;;
MOO_socialist;Socialists Faction;;;;;;;;;x;;;;
MAR_anarcho_liberal;Anarcho Liberal Faction;;;;;;;;;x;;;;
MAR_communist;Communist Faction;;;;;;;;;x;;;;
MAR_conservative;Conservative Faction;;;;;;;;;x;;;;
MAR_fascist;Fascists Faction;;;;;;;;;x;;;;
MAR_liberal;Reformers Faction;;;;;;;;;x;;;;
MAR_reactionary;Reactionary Faction;;;;;;;;;x;;;;
MAR_socialist;Socialists Faction;;;;;;;;;x;;;;
AZT_anarcho_liberal;Anarcho Liberal Faction;;;;;;;;;x;;;;
AZT_communist;Communist Faction;;;;;;;;;x;;;;
AZT_conservative;Conservative Faction;;;;;;;;;x;;;;
AZT_fascist;Fascists Faction;;;;;;;;;x;;;;
AZT_liberal;Reformers Faction;;;;;;;;;x;;;;
AZT_reactionary;Reactionary Faction;;;;;;;;;x;;;;
AZT_socialist;Socialists Faction;;;;;;;;;x;;;;
INC_anarcho_liberal;Anarcho Liberal Faction;;;;;;;;;x;;;;
INC_communist;Communist Faction;;;;;;;;;x;;;;
INC_conservative;Conservative Faction;;;;;;;;;x;;;;
INC_fascist;Fascists Faction;;;;;;;;;x;;;;
INC_liberal;Reformers Faction;;;;;;;;;x;;;;
INC_reactionary;Reactionary Faction;;;;;;;;;x;;;;
INC_socialist;Socialists Faction;;;;;;;;;x;;;;
WOL_anarcho_liberal;Anarcho Liberal Faction;;;;;;;;;x;;;;
WOL_communist;Communist Faction;;;;;;;;;x;;;;
WOL_conservative;Conservative Faction;;;;;;;;;x;;;;
WOL_fascist;Fascists Faction;;;;;;;;;x;;;;
WOL_liberal;Reformers Faction;;;;;;;;;x;;;;
WOL_reactionary;Reactionary Faction;;;;;;;;;x;;;;
WOL_socialist;Socialists Faction;;;;;;;;;x;;;;
TZN_anarcho_liberal;Anarcho Liberal Faction;;;;;;;;;x;;;;
TZN_communist;Communist Faction;;;;;;;;;x;;;;
TZN_conservative;Conservative Faction;;;;;;;;;x;;;;
TZN_fascist;Fascists Faction;;;;;;;;;x;;;;
TZN_liberal;Reformers Faction;;;;;;;;;x;;;;
TZN_reactionary;Reactionary Faction;;;;;;;;;x;;;;
TZN_socialist;Socialists Faction;;;;;;;;;x;;;;
TBK_anarcho_liberal;Anarcho Liberal Faction;;;;;;;;;x;;;;
TBK_communist;Communist Faction;;;;;;;;;x;;;;
TBK_conservative;Conservative Faction;;;;;;;;;x;;;;
TBK_fascist;Fascists Faction;;;;;;;;;x;;;;
TBK_liberal;Reformers Faction;;;;;;;;;x;;;;
TBK_reactionary;Reactionary Faction;;;;;;;;;x;;;;
TBK_socialist;Socialists Faction;;;;;;;;;x;;;;
SYC_anarcho_liberal;Anarcho Liberal Faction;;;;;;;;;x;;;;
SYC_communist;Communist Faction;;;;;;;;;x;;;;
SYC_conservative;Conservative Faction;;;;;;;;;x;;;;
SYC_fascist;Fascists Faction;;;;;;;;;x;;;;
SYC_liberal;Reformers Faction;;;;;;;;;x;;;;
SYC_reactionary;Reactionary Faction;;;;;;;;;x;;;;
SYC_socialist;Socialists Faction;;;;;;;;;x;;;;
SRL_anarcho_liberal;Anarcho Liberal Faction;;;;;;;;;x;;;;
SRL_communist;Communist Faction;;;;;;;;;x;;;;
SRL_conservative;Conservative Faction;;;;;;;;;x;;;;
SRL_fascist;Fascists Faction;;;;;;;;;x;;;;
SRL_liberal;Reformers Faction;;;;;;;;;x;;;;
SRL_reactionary;Reactionary Faction;;;;;;;;;x;;;;
SRL_socialist;Socialists Faction;;;;;;;;;x;;;;
SNL_anarcho_liberal;Anarcho Liberal Faction;;;;;;;;;x;;;;
SNL_communist;Communist Faction;;;;;;;;;x;;;;
SNL_conservative;Conservative Faction;;;;;;;;;x;;;;
SNL_fascist;Fascists Faction;;;;;;;;;x;;;;
SNL_liberal;Reformers Faction;;;;;;;;;x;;;;
SNL_reactionary;Reactionary Faction;;;;;;;;;x;;;;
SNL_socialist;Socialists Faction;;;;;;;;;x;;;;
RWA_anarcho_liberal;Anarcho Liberal Faction;;;;;;;;;x;;;;
RWA_communist;Communist Faction;;;;;;;;;x;;;;
RWA_conservative;Conservative Faction;;;;;;;;;x;;;;
RWA_fascist;Fascists Faction;;;;;;;;;x;;;;
RWA_liberal;Reformers Faction;;;;;;;;;x;;;;
RWA_reactionary;Reactionary Faction;;;;;;;;;x;;;;
RWA_socialist;Socialists Faction;;;;;;;;;x;;;;
ROC_anarcho_liberal;Anarcho Liberal Faction;;;;;;;;;x;;;;
ROC_communist;Communist Faction;;;;;;;;;x;;;;
ROC_conservative;Conservative Faction;;;;;;;;;x;;;;
ROC_fascist;Fascists Faction;;;;;;;;;x;;;;
ROC_liberal;Reformers Faction;;;;;;;;;x;;;;
ROC_reactionary;Reactionary Faction;;;;;;;;;x;;;;
ROC_socialist;Socialists Faction;;;;;;;;;x;;;;
NMB_anarcho_liberal;Anarcho Liberal Faction;;;;;;;;;x;;;;
NMB_communist;Communist Faction;;;;;;;;;x;;;;
NMB_conservative;Conservative Faction;;;;;;;;;x;;;;
NMB_fascist;Fascists Faction;;;;;;;;;x;;;;
NMB_liberal;Reformers Faction;;;;;;;;;x;;;;
NMB_reactionary;Reactionary Faction;;;;;;;;;x;;;;
NMB_socialist;Socialists Faction;;;;;;;;;x;;;;
NGR_anarcho_liberal;Anarcho Liberal Faction;;;;;;;;;x;;;;
NGR_communist;Communist Faction;;;;;;;;;x;;;;
NGR_conservative;Conservative Faction;;;;;;;;;x;;;;
NGR_fascist;Fascists Faction;;;;;;;;;x;;;;
NGR_liberal;Reformers Faction;;;;;;;;;x;;;;
NGR_reactionary;Reactionary Faction;;;;;;;;;x;;;;
NGR_socialist;Socialists Faction;;;;;;;;;x;;;;
NGA_anarcho_liberal;Anarcho Liberal Faction;;;;;;;;;x;;;;
NGA_communist;Communist Faction;;;;;;;;;x;;;;
NGA_conservative;Conservative Faction;;;;;;;;;x;;;;
NGA_fascist;Fascists Faction;;;;;;;;;x;;;;
NGA_liberal;Reformers Faction;;;;;;;;;x;;;;
NGA_reactionary;Reactionary Faction;;;;;;;;;x;;;;
NGA_socialist;Socialists Faction;;;;;;;;;x;;;;
NGR_anarcho_liberal;Anarcho Liberal Faction;;;;;;;;;x;;;;
NGR_communist;Communist Faction;;;;;;;;;x;;;;
NGR_conservative;Conservative Faction;;;;;;;;;x;;;;
NGR_fascist;Fascists Faction;;;;;;;;;x;;;;
NGR_liberal;Reformers Faction;;;;;;;;;x;;;;
NGR_reactionary;Reactionary Faction;;;;;;;;;x;;;;
NGR_socialist;Socialists Faction;;;;;;;;;x;;;;
MWI_anarcho_liberal;Anarcho Liberal Faction;;;;;;;;;x;;;;
MWI_communist;Communist Faction;;;;;;;;;x;;;;
MWI_conservative;Conservative Faction;;;;;;;;;x;;;;
MWI_fascist;Fascists Faction;;;;;;;;;x;;;;
MWI_liberal;Reformers Faction;;;;;;;;;x;;;;
MWI_reactionary;Reactionary Faction;;;;;;;;;x;;;;
MWI_socialist;Socialists Faction;;;;;;;;;x;;;;
MUT_anarcho_liberal;Anarcho Liberal Faction;;;;;;;;;x;;;;
MUT_communist;Communist Faction;;;;;;;;;x;;;;
MUT_conservative;Conservative Faction;;;;;;;;;x;;;;
MUT_fascist;Fascists Faction;;;;;;;;;x;;;;
MUT_liberal;Reformers Faction;;;;;;;;;x;;;;
MUT_reactionary;Reactionary Faction;;;;;;;;;x;;;;
MUT_socialist;Socialists Faction;;;;;;;;;x;;;;
MOZ_anarcho_liberal;Anarcho Liberal Faction;;;;;;;;;x;;;;
MOZ_communist;Communist Faction;;;;;;;;;x;;;;
MOZ_conservative;Conservative Faction;;;;;;;;;x;;;;
MOZ_fascist;Fascists Faction;;;;;;;;;x;;;;
MOZ_liberal;Reformers Faction;;;;;;;;;x;;;;
MOZ_reactionary;Reactionary Faction;;;;;;;;;x;;;;
MOZ_socialist;Socialists Faction;;;;;;;;;x;;;;
MOS_anarcho_liberal;Anarcho Liberal Faction;;;;;;;;;x;;;;
MOS_communist;Communist Faction;;;;;;;;;x;;;;
MOS_conservative;Conservative Faction;;;;;;;;;x;;;;
MOS_fascist;Fascists Faction;;;;;;;;;x;;;;
MOS_liberal;Reformers Faction;;;;;;;;;x;;;;
MOS_reactionary;Reactionary Faction;;;;;;;;;x;;;;
MOS_socialist;Socialists Faction;;;;;;;;;x;;;;
MLI_anarcho_liberal;Anarcho Liberal Faction;;;;;;;;;x;;;;
MLI_communist;Communist Faction;;;;;;;;;x;;;;
MLI_conservative;Conservative Faction;;;;;;;;;x;;;;
MLI_fascist;Fascists Faction;;;;;;;;;x;;;;
MLI_liberal;Reformers Faction;;;;;;;;;x;;;;
MLI_reactionary;Reactionary Faction;;;;;;;;;x;;;;
MLI_socialist;Socialists Faction;;;;;;;;;x;;;;
MAU_anarcho_liberal;Anarcho Liberal Faction;;;;;;;;;x;;;;
MAU_communist;Communist Faction;;;;;;;;;x;;;;
MAU_conservative;Conservative Faction;;;;;;;;;x;;;;
MAU_fascist;Fascists Faction;;;;;;;;;x;;;;
MAU_liberal;Reformers Faction;;;;;;;;;x;;;;
MAU_reactionary;Reactionary Faction;;;;;;;;;x;;;;
MAU_socialist;Socialists Faction;;;;;;;;;x;;;;
LES_anarcho_liberal;Anarcho Liberal Faction;;;;;;;;;x;;;;
LES_communist;Communist Faction;;;;;;;;;x;;;;
LES_conservative;Conservative Faction;;;;;;;;;x;;;;
LES_fascist;Fascists Faction;;;;;;;;;x;;;;
LES_liberal;Reformers Faction;;;;;;;;;x;;;;
LES_reactionary;Reactionary Faction;;;;;;;;;x;;;;
LES_socialist;Socialists Faction;;;;;;;;;x;;;;
KNR_anarcho_liberal;Anarcho Liberal Faction;;;;;;;;;x;;;;
KNR_communist;Communist Faction;;;;;;;;;x;;;;
KNR_conservative;Conservative Faction;;;;;;;;;x;;;;
KNR_fascist;Fascists Faction;;;;;;;;;x;;;;
KNR_liberal;Reformers Faction;;;;;;;;;x;;;;
KNR_reactionary;Reactionary Faction;;;;;;;;;x;;;;
KNR_socialist;Socialists Faction;;;;;;;;;x;;;;
KNA_anarcho_liberal;Anarcho Liberal Faction;;;;;;;;;x;;;;
KNA_communist;Communist Faction;;;;;;;;;x;;;;
KNA_conservative;Conservative Faction;;;;;;;;;x;;;;
KNA_fascist;Fascists Faction;;;;;;;;;x;;;;
KNA_liberal;Reformers Faction;;;;;;;;;x;;;;
KNA_reactionary;Reactionary Faction;;;;;;;;;x;;;;
KNA_socialist;Socialists Faction;;;;;;;;;x;;;;
GUI_anarcho_liberal;Anarcho Liberal Faction;;;;;;;;;x;;;;
GUI_communist;Communist Faction;;;;;;;;;x;;;;
GUI_conservative;Conservative Faction;;;;;;;;;x;;;;
GUI_fascist;Fascists Faction;;;;;;;;;x;;;;
GUI_liberal;Reformers Faction;;;;;;;;;x;;;;
GUI_reactionary;Reactionary Faction;;;;;;;;;x;;;;
GUI_socialist;Socialists Faction;;;;;;;;;x;;;;
GUB_anarcho_liberal;Anarcho Liberal Faction;;;;;;;;;x;;;;
GUB_communist;Communist Faction;;;;;;;;;x;;;;
GUB_conservative;Conservative Faction;;;;;;;;;x;;;;
GUB_fascist;Fascists Faction;;;;;;;;;x;;;;
GUB_liberal;Reformers Faction;;;;;;;;;x;;;;
GUB_reactionary;Reactionary Faction;;;;;;;;;x;;;;
GUB_socialist;Socialists Faction;;;;;;;;;x;;;;
GHA_anarcho_liberal;Anarcho Liberal Faction;;;;;;;;;x;;;;
GHA_communist;Communist Faction;;;;;;;;;x;;;;
GHA_conservative;Conservative Faction;;;;;;;;;x;;;;
GHA_fascist;Fascists Faction;;;;;;;;;x;;;;
GHA_liberal;Reformers Faction;;;;;;;;;x;;;;
GHA_reactionary;Reactionary Faction;;;;;;;;;x;;;;
GHA_socialist;Socialists Faction;;;;;;;;;x;;;;
GAM_anarcho_liberal;Anarcho Liberal Faction;;;;;;;;;x;;;;
GAM_communist;Communist Faction;;;;;;;;;x;;;;
GAM_conservative;Conservative Faction;;;;;;;;;x;;;;
GAM_fascist;Fascists Faction;;;;;;;;;x;;;;
GAM_liberal;Reformers Faction;;;;;;;;;x;;;;
GAM_reactionary;Reactionary Faction;;;;;;;;;x;;;;
GAM_socialist;Socialists Faction;;;;;;;;;x;;;;
GBU_anarcho_liberal;Anarcho Liberal Faction;;;;;;;;;x;;;;
GBU_communist;Communist Faction;;;;;;;;;x;;;;
GBU_conservative;Conservative Faction;;;;;;;;;x;;;;
GBU_fascist;Fascists Faction;;;;;;;;;x;;;;
GBU_liberal;Reformers Faction;;;;;;;;;x;;;;
GBU_reactionary;Reactionary Faction;;;;;;;;;x;;;;
GBU_socialist;Socialists Faction;;;;;;;;;x;;;;
GAB_anarcho_liberal;Anarcho Liberal Faction;;;;;;;;;x;;;;
GAB_communist;Communist Faction;;;;;;;;;x;;;;
GAB_conservative;Conservative Faction;;;;;;;;;x;;;;
GAB_fascist;Fascists Faction;;;;;;;;;x;;;;
GAB_liberal;Reformers Faction;;;;;;;;;x;;;;
GAB_reactionary;Reactionary Faction;;;;;;;;;x;;;;
GAB_socialist;Socialists Faction;;;;;;;;;x;;;;
FAT_anarcho_liberal;Anarcho Liberal Faction;;;;;;;;;x;;;;
FAT_communist;Communist Faction;;;;;;;;;x;;;;
FAT_conservative;Conservative Faction;;;;;;;;;x;;;;
FAT_fascist;Fascists Faction;;;;;;;;;x;;;;
FAT_liberal;Reformers Faction;;;;;;;;;x;;;;
FAT_reactionary;Reactionary Faction;;;;;;;;;x;;;;
FAT_socialist;Socialists Faction;;;;;;;;;x;;;;
FAN_anarcho_liberal;Anarcho Liberal Faction;;;;;;;;;x;;;;
FAN_communist;Communist Faction;;;;;;;;;x;;;;
FAN_conservative;Conservative Faction;;;;;;;;;x;;;;
FAN_fascist;Fascists Faction;;;;;;;;;x;;;;
FAN_liberal;Reformers Faction;;;;;;;;;x;;;;
FAN_reactionary;Reactionary Faction;;;;;;;;;x;;;;
FAN_socialist;Socialists Faction;;;;;;;;;x;;;;
EQG_anarcho_liberal;Anarcho Liberal Faction;;;;;;;;;x;;;;
EQG_communist;Communist Faction;;;;;;;;;x;;;;
EQG_conservative;Conservative Faction;;;;;;;;;x;;;;
EQG_fascist;Fascists Faction;;;;;;;;;x;;;;
EQG_liberal;Reformers Faction;;;;;;;;;x;;;;
EQG_reactionary;Reactionary Faction;;;;;;;;;x;;;;
EQG_socialist;Socialists Faction;;;;;;;;;x;;;;
DSO_anarcho_liberal;Anarcho Liberal Faction;;;;;;;;;x;;;;
DSO_communist;Communist Faction;;;;;;;;;x;;;;
DSO_conservative;Conservative Faction;;;;;;;;;x;;;;
DSO_fascist;Fascists Faction;;;;;;;;;x;;;;
DSO_liberal;Reformers Faction;;;;;;;;;x;;;;
DSO_reactionary;Reactionary Faction;;;;;;;;;x;;;;
DSO_socialist;Socialists Faction;;;;;;;;;x;;;;
DJI_anarcho_liberal;Anarcho Liberal Faction;;;;;;;;;x;;;;
DJI_communist;Communist Faction;;;;;;;;;x;;;;
DJI_conservative;Conservative Faction;;;;;;;;;x;;;;
DJI_fascist;Fascists Faction;;;;;;;;;x;;;;
DJI_liberal;Reformers Faction;;;;;;;;;x;;;;
DJI_reactionary;Reactionary Faction;;;;;;;;;x;;;;
DJI_socialist;Socialists Faction;;;;;;;;;x;;;;
CTD_anarcho_liberal;Anarcho Liberal Faction;;;;;;;;;x;;;;
CTD_communist;Communist Faction;;;;;;;;;x;;;;
CTD_conservative;Conservative Faction;;;;;;;;;x;;;;
CTD_fascist;Fascists Faction;;;;;;;;;x;;;;
CTD_liberal;Reformers Faction;;;;;;;;;x;;;;
CTD_reactionary;Reactionary Faction;;;;;;;;;x;;;;
CTD_socialist;Socialists Faction;;;;;;;;;x;;;;
COM_anarcho_liberal;Anarcho Liberal Faction;;;;;;;;;x;;;;
COM_communist;Communist Faction;;;;;;;;;x;;;;
COM_conservative;Conservative Faction;;;;;;;;;x;;;;
COM_fascist;Fascists Faction;;;;;;;;;x;;;;
COM_liberal;Reformers Faction;;;;;;;;;x;;;;
COM_reactionary;Reactionary Faction;;;;;;;;;x;;;;
COM_socialist;Socialists Faction;;;;;;;;;x;;;;
CMR_anarcho_liberal;Anarcho Liberal Faction;;;;;;;;;x;;;;
CMR_communist;Communist Faction;;;;;;;;;x;;;;
CMR_conservative;Conservative Faction;;;;;;;;;x;;;;
CMR_fascist;Fascists Faction;;;;;;;;;x;;;;
CMR_liberal;Reformers Faction;;;;;;;;;x;;;;
CMR_reactionary;Reactionary Faction;;;;;;;;;x;;;;
CMR_socialist;Socialists Faction;;;;;;;;;x;;;;
CAR_anarcho_liberal;Anarcho Liberal Faction;;;;;;;;;x;;;;
CAR_communist;Communist Faction;;;;;;;;;x;;;;
CAR_conservative;Conservative Faction;;;;;;;;;x;;;;
CAR_fascist;Fascists Faction;;;;;;;;;x;;;;
CAR_liberal;Reformers Faction;;;;;;;;;x;;;;
CAR_reactionary;Reactionary Faction;;;;;;;;;x;;;;
CAR_socialist;Socialists Faction;;;;;;;;;x;;;;
CLB_anarcho_liberal;Anarcho Liberal Faction;;;;;;;;;x;;;;
CLB_communist;Communist Faction;;;;;;;;;x;;;;
CLB_conservative;Conservative Faction;;;;;;;;;x;;;;
CLB_fascist;Fascists Faction;;;;;;;;;x;;;;
CLB_liberal;Reformers Faction;;;;;;;;;x;;;;
CLB_reactionary;Reactionary Faction;;;;;;;;;x;;;;
CLB_socialist;Socialists Faction;;;;;;;;;x;;;;
BTS_anarcho_liberal;Anarcho Liberal Faction;;;;;;;;;x;;;;
BTS_communist;Communist Faction;;;;;;;;;x;;;;
BTS_conservative;Conservative Faction;;;;;;;;;x;;;;
BTS_fascist;Fascists Faction;;;;;;;;;x;;;;
BTS_liberal;Reformers Faction;;;;;;;;;x;;;;
BTS_reactionary;Reactionary Faction;;;;;;;;;x;;;;
BTS_socialist;Socialists Faction;;;;;;;;;x;;;;
BRD_anarcho_liberal;Anarcho Liberal Faction;;;;;;;;;x;;;;
BRD_communist;Communist Faction;;;;;;;;;x;;;;
BRD_conservative;Conservative Faction;;;;;;;;;x;;;;
BRD_fascist;Fascists Faction;;;;;;;;;x;;;;
BRD_liberal;Reformers Faction;;;;;;;;;x;;;;
BRD_reactionary;Reactionary Faction;;;;;;;;;x;;;;
BRD_socialist;Socialists Faction;;;;;;;;;x;;;;
AGL_anarcho_liberal;Anarcho Liberal Faction;;;;;;;;;x;;;;
AGL_communist;Communist Faction;;;;;;;;;x;;;;
AGL_conservative;Conservative Faction;;;;;;;;;x;;;;
AGL_fascist;Fascists Faction;;;;;;;;;x;;;;
AGL_liberal;Reformers Faction;;;;;;;;;x;;;;
AGL_reactionary;Reactionary Faction;;;;;;;;;x;;;;
AGL_socialist;Socialists Faction;;;;;;;;;x;;;;
SAV_anarcho_liberal;Anarcho Liberal Faction;;;;;;;;;x;;;;
SAV_communist;Communist Faction;;;;;;;;;x;;;;
SAV_conservative;Conservative Faction;;;;;;;;;x;;;;
SAV_fascist;Fascists Faction;;;;;;;;;x;;;;
SAV_liberal;Reformers Faction;;;;;;;;;x;;;;
SAV_reactionary;Reactionary Faction;;;;;;;;;x;;;;
SAV_socialist;Socialists Faction;;;;;;;;;x;;;;
GEN_anarcho_liberal;Anarcho Liberal Faction;;;;;;;;;x;;;;
GEN_communist;Communist Faction;;;;;;;;;x;;;;
GEN_conservative;Conservative Faction;;;;;;;;;x;;;;
GEN_fascist;Fascists Faction;;;;;;;;;x;;;;
GEN_liberal;Reformers Faction;;;;;;;;;x;;;;
GEN_reactionary;Reactionary Faction;;;;;;;;;x;;;;
GEN_socialist;Socialists Faction;;;;;;;;;x;;;;
LOR_anarcho_liberal;Anarcho Liberal Faction;;;;;;;;;x;;;;
LOR_communist;Communist Faction;;;;;;;;;x;;;;
LOR_conservative;Conservative Faction;;;;;;;;;x;;;;
LOR_fascist;Fascists Faction;;;;;;;;;x;;;;
LOR_liberal;Reformers Faction;;;;;;;;;x;;;;
LOR_reactionary;Reactionary Faction;;;;;;;;;x;;;;
LOR_socialist;Socialists Faction;;;;;;;;;x;;;;
ALS_anarcho_liberal;Anarcho Liberal Faction;;;;;;;;;x;;;;
ALS_communist;Communist Faction;;;;;;;;;x;;;;
ALS_conservative;Conservative Faction;;;;;;;;;x;;;;
ALS_fascist;Fascists Faction;;;;;;;;;x;;;;
ALS_liberal;Reformers Faction;;;;;;;;;x;;;;
ALS_reactionary;Reactionary Faction;;;;;;;;;x;;;;
ALS_socialist;Socialists Faction;;;;;;;;;x;;;;
AUG_anarcho_liberal;Anarcho Liberal Faction;;;;;;;;;x;;;;
AUG_communist;Communist Faction;;;;;;;;;x;;;;
AUG_conservative;Conservative Faction;;;;;;;;;x;;;;
AUG_fascist;Fascists Faction;;;;;;;;;x;;;;
AUG_liberal;Reformers Faction;;;;;;;;;x;;;;
AUG_reactionary;Reactionary Faction;;;;;;;;;x;;;;
AUG_socialist;Socialists Faction;;;;;;;;;x;;;;
WUZ_anarcho_liberal;Anarcho Liberal Faction;;;;;;;;;x;;;;
WUZ_communist;Communist Faction;;;;;;;;;x;;;;
WUZ_conservative;Conservative Faction;;;;;;;;;x;;;;
WUZ_fascist;Fascists Faction;;;;;;;;;x;;;;
WUZ_liberal;Reformers Faction;;;;;;;;;x;;;;
WUZ_reactionary;Reactionary Faction;;;;;;;;;x;;;;
WUZ_socialist;Socialists Faction;;;;;;;;;x;;;;
ANS_anarcho_liberal;Anarcho Liberal Faction;;;;;;;;;x;;;;
ANS_communist;Communist Faction;;;;;;;;;x;;;;
ANS_conservative;Conservative Faction;;;;;;;;;x;;;;
ANS_fascist;Fascists Faction;;;;;;;;;x;;;;
ANS_liberal;Reformers Faction;;;;;;;;;x;;;;
ANS_reactionary;Reactionary Faction;;;;;;;;;x;;;;
ANS_socialist;Socialists Faction;;;;;;;;;x;;;;
LUN_anarcho_liberal;Anarcho Liberal Faction;;;;;;;;;x;;;;
LUN_communist;Communist Faction;;;;;;;;;x;;;;
LUN_conservative;Conservative Faction;;;;;;;;;x;;;;
LUN_fascist;Fascists Faction;;;;;;;;;x;;;;
LUN_liberal;Reformers Faction;;;;;;;;;x;;;;
LUN_reactionary;Reactionary Faction;;;;;;;;;x;;;;
LUN_socialist;Socialists Faction;;;;;;;;;x;;;;
SXL_anarcho_liberal;Anarcho Liberal Faction;;;;;;;;;x;;;;
SXL_communist;Communist Faction;;;;;;;;;x;;;;
SXL_conservative;Conservative Faction;;;;;;;;;x;;;;
SXL_fascist;Fascists Faction;;;;;;;;;x;;;;
SXL_liberal;Reformers Faction;;;;;;;;;x;;;;
SXL_reactionary;Reactionary Faction;;;;;;;;;x;;;;
SXL_socialist;Socialists Faction;;;;;;;;;x;;;;
LIE_anarcho_liberal;Anarcho Liberal Faction;;;;;;;;;x;;;;
LIE_communist;Communist Faction;;;;;;;;;x;;;;
LIE_conservative;Conservative Faction;;;;;;;;;x;;;;
LIE_fascist;Fascists Faction;;;;;;;;;x;;;;
LIE_liberal;Reformers Faction;;;;;;;;;x;;;;
LIE_reactionary;Reactionary Faction;;;;;;;;;x;;;;
LIE_socialist;Socialists Faction;;;;;;;;;x;;;;
AAC_anarcho_liberal;Anarcho Liberal Faction;;;;;;;;;x;;;;
AAC_communist;Communist Faction;;;;;;;;;x;;;;
AAC_conservative;Conservative Faction;;;;;;;;;x;;;;
AAC_fascist;Fascists Faction;;;;;;;;;x;;;;
AAC_liberal;Reformers Faction;;;;;;;;;x;;;;
AAC_reactionary;Reactionary Faction;;;;;;;;;x;;;;
AAC_socialist;Socialists Faction;;;;;;;;;x;;;;
TRR_anarcho_liberal;Anarcho Liberal Faction;;;;;;;;;x;;;;
TRR_communist;Communist Faction;;;;;;;;;x;;;;
TRR_conservative;Conservative Faction;;;;;;;;;x;;;;
TRR_fascist;Fascists Faction;;;;;;;;;x;;;;
TRR_liberal;Reformers Faction;;;;;;;;;x;;;;
TRR_reactionary;Reactionary Faction;;;;;;;;;x;;;;
TRR_socialist;Socialists Faction;;;;;;;;;x;;;;
NRI_anarcho_liberal;Anarcho Liberal Faction;;;;;;;;;x;;;;
NRI_communist;Communist Faction;;;;;;;;;x;;;;
NRI_conservative;Conservative Faction;;;;;;;;;x;;;;
NRI_fascist;Fascists Faction;;;;;;;;;x;;;;
NRI_liberal;Reformers Faction;;;;;;;;;x;;;;
NRI_reactionary;Reactionary Faction;;;;;;;;;x;;;;
NRI_socialist;Socialists Faction;;;;;;;;;x;;;;
PLT_anarcho_liberal;Anarcho Liberal Faction;;;;;;;;;x;;;;
PLT_communist;Communist Faction;;;;;;;;;x;;;;
PLT_conservative;Conservative Faction;;;;;;;;;x;;;;
PLT_fascist;Fascists Faction;;;;;;;;;x;;;;
PLT_liberal;Reformers Faction;;;;;;;;;x;;;;
PLT_reactionary;Reactionary Faction;;;;;;;;;x;;;;
PLT_socialist;Socialists Faction;;;;;;;;;x;;;;
PMR_anarcho_liberal;Anarcho Liberal Faction;;;;;;;;;x;;;;
PMR_communist;Communist Faction;;;;;;;;;x;;;;
PMR_conservative;Conservative Faction;;;;;;;;;x;;;;
PMR_fascist;Fascists Faction;;;;;;;;;x;;;;
PMR_liberal;Reformers Faction;;;;;;;;;x;;;;
PMR_reactionary;Reactionary Faction;;;;;;;;;x;;;;
PMR_socialist;Socialists Faction;;;;;;;;;x;;;;
MLT_anarcho_liberal;Anarcho Liberal Faction;;;;;;;;;x;;;;
MLT_communist;Communist Faction;;;;;;;;;x;;;;
MLT_conservative;Conservative Faction;;;;;;;;;x;;;;
MLT_fascist;Fascists Faction;;;;;;;;;x;;;;
MLT_liberal;Reformers Faction;;;;;;;;;x;;;;
MLT_reactionary;Reactionary Faction;;;;;;;;;x;;;;
MLT_socialist;Socialists Faction;;;;;;;;;x;;;;
BRY_anarcho_liberal;Anarcho Liberal Faction;;;;;;;;;x;;;;
BRY_communist;Communist Faction;;;;;;;;;x;;;;
BRY_conservative;Conservative Faction;;;;;;;;;x;;;;
BRY_fascist;Fascists Faction;;;;;;;;;x;;;;
BRY_liberal;Reformers Faction;;;;;;;;;x;;;;
BRY_reactionary;Reactionary Faction;;;;;;;;;x;;;;
BRY_socialist;Socialists Faction;;;;;;;;;x;;;;
SDA_anarcho_liberal;Anarcho Liberal Faction;;;;;;;;;x;;;;
SDA_communist;Communist Faction;;;;;;;;;x;;;;
SDA_conservative;Conservative Faction;;;;;;;;;x;;;;
SDA_conservative_2;Conservative Faction;;;;;;;;;x;;;;
SDA_conservative_3;Conservative Faction;;;;;;;;;x;;;;
SDA_fascist;Fascists Faction;;;;;;;;;x;;;;
SDA_liberal;Reformers Faction;;;;;;;;;x;;;;
SDA_reactionary;Reactionary Faction;;;;;;;;;x;;;;
SDA_socialist;Socialists Faction;;;;;;;;;x;;;;
KOS_anarcho_liberal;Anarcho Liberal Faction;;;;;;;;;x;;;;
KOS_communist;Communist Faction;;;;;;;;;x;;;;
KOS_conservative;Conservative Faction;;;;;;;;;x;;;;
KOS_conservative_2;Conservative Faction;;;;;;;;;x;;;;
KOS_conservative_3;Conservative Reactionary Faction;;;;;;;;;x;;;;
KOS_fascist;Fascists Faction;;;;;;;;;x;;;;
KOS_liberal;Reformers Faction;;;;;;;;;x;;;;
KOS_liberal_2;Liberal Reformers Faction;;;;;;;;;x;;;;
KOS_reactionary;Reactionary Faction;;;;;;;;;x;;;;
KOS_socialist;Socialists Faction;;;;;;;;;x;;;;
WSX_anarcho_liberal;Anarcho Liberal Faction;;;;;;;;;x;;;;
WSX_communist;Communist Faction;;;;;;;;;x;;;;
WSX_conservative;Conservative Faction;;;;;;;;;x;;;;
WSX_conservative_2;Conservative Faction;;;;;;;;;x;;;;
WSX_conservative_3;Conservative Reactionary Faction;;;;;;;;;x;;;;
WSX_fascist;Fascists Faction;;;;;;;;;x;;;;
WSX_liberal;Reformers Faction;;;;;;;;;x;;;;
WSX_liberal_2;Liberal Reformers Faction;;;;;;;;;x;;;;
WSX_reactionary;Reactionary Faction;;;;;;;;;x;;;;
WSX_socialist;Socialists Faction;;;;;;;;;x;;;;
WLD_anarcho_liberal;Anarcho Liberal Faction;;;;;;;;;x;;;;
WLD_communist;Communist Faction;;;;;;;;;x;;;;
WLD_conservative;Conservative Faction;;;;;;;;;x;;;;
WLD_conservative_2;Conservative Faction;;;;;;;;;x;;;;
WLD_conservative_3;Conservative Reactionary Faction;;;;;;;;;x;;;;
WLD_fascist;Fascists Faction;;;;;;;;;x;;;;
WLD_liberal;Reformers Faction;;;;;;;;;x;;;;
WLD_liberal_2;Liberal Reformers Faction;;;;;;;;;x;;;;
WLD_reactionary;Reactionary Faction;;;;;;;;;x;;;;
WLD_socialist;Socialists Faction;;;;;;;;;x;;;;
ULM_anarcho_liberal;Anarcho Liberal Faction;;;;;;;;;x;;;;
ULM_communist;Communist Faction;;;;;;;;;x;;;;
ULM_conservative;Conservative Faction;;;;;;;;;x;;;;
ULM_conservative_2;Conservative Faction;;;;;;;;;x;;;;
ULM_conservative_3;Conservative Reactionary Faction;;;;;;;;;x;;;;
ULM_fascist;Fascists Faction;;;;;;;;;x;;;;
ULM_liberal;Reformers Faction;;;;;;;;;x;;;;
ULM_liberal_2;Liberal Reformers Faction;;;;;;;;;x;;;;
ULM_reactionary;Reactionary Faction;;;;;;;;;x;;;;
ULM_socialist;Socialists Faction;;;;;;;;;x;;;;
STG_anarcho_liberal;Anarcho Liberal Faction;;;;;;;;;x;;;;
STG_communist;Communist Faction;;;;;;;;;x;;;;
STG_conservative;Conservative Faction;;;;;;;;;x;;;;
STG_conservative_2;Conservative Faction;;;;;;;;;x;;;;
STG_conservative_3;Conservative Reactionary Faction;;;;;;;;;x;;;;
STG_fascist;Fascists Faction;;;;;;;;;x;;;;
STG_liberal;Reformers Faction;;;;;;;;;x;;;;
STG_liberal_2;Liberal Reformers Faction;;;;;;;;;x;;;;
STG_reactionary;Reactionary Faction;;;;;;;;;x;;;;
STG_socialist;Socialists Faction;;;;;;;;;x;;;;
SLS_anarcho_liberal;Anarcho Liberal Faction;;;;;;;;;x;;;;
SLS_communist;Communist Faction;;;;;;;;;x;;;;
SLS_conservative;Conservative Faction;;;;;;;;;x;;;;
SLS_conservative_2;Conservative Faction;;;;;;;;;x;;;;
SLS_conservative_3;Conservative Reactionary Faction;;;;;;;;;x;;;;
SLS_fascist;Fascists Faction;;;;;;;;;x;;;;
SLS_liberal;Reformers Faction;;;;;;;;;x;;;;
SLS_liberal_2;Liberal Reformers Faction;;;;;;;;;x;;;;
SLS_reactionary;Reactionary Faction;;;;;;;;;x;;;;
SLS_socialist;Socialists Faction;;;;;;;;;x;;;;
RGN_anarcho_liberal;Anarcho Liberal Faction;;;;;;;;;x;;;;
RGN_communist;Communist Faction;;;;;;;;;x;;;;
RGN_conservative;Conservative Faction;;;;;;;;;x;;;;
RGN_conservative_2;Conservative Faction;;;;;;;;;x;;;;
RGN_conservative_3;Conservative Reactionary Faction;;;;;;;;;x;;;;
RGN_fascist;Fascists Faction;;;;;;;;;x;;;;
RGN_liberal;Reformers Faction;;;;;;;;;x;;;;
RGN_liberal_2;Liberal Reformers Faction;;;;;;;;;x;;;;
RGN_reactionary;Reactionary Faction;;;;;;;;;x;;;;
RGN_socialist;Socialists Faction;;;;;;;;;x;;;;
MNZ_anarcho_liberal;Anarcho Liberal Faction;;;;;;;;;x;;;;
MNZ_communist;Communist Faction;;;;;;;;;x;;;;
MNZ_conservative;Conservative Faction;;;;;;;;;x;;;;
MNZ_conservative_2;Conservative Faction;;;;;;;;;x;;;;
MNZ_conservative_3;Conservative Reactionary Faction;;;;;;;;;x;;;;
MNZ_fascist;Fascists Faction;;;;;;;;;x;;;;
MNZ_liberal;Reformers Faction;;;;;;;;;x;;;;
MNZ_liberal_2;Liberal Reformers Faction;;;;;;;;;x;;;;
MNZ_reactionary;Reactionary Faction;;;;;;;;;x;;;;
MNZ_socialist;Socialists Faction;;;;;;;;;x;;;;
MND_anarcho_liberal;Anarcho Liberal Faction;;;;;;;;;x;;;;
MND_communist;Communist Faction;;;;;;;;;x;;;;
MND_conservative;Conservative Faction;;;;;;;;;x;;;;
MND_conservative_2;Conservative Faction;;;;;;;;;x;;;;
MND_conservative_3;Conservative Reactionary Faction;;;;;;;;;x;;;;
MND_fascist;Fascists Faction;;;;;;;;;x;;;;
MND_liberal;Reformers Faction;;;;;;;;;x;;;;
MND_liberal_2;Liberal Reformers Faction;;;;;;;;;x;;;;
MND_reactionary;Reactionary Faction;;;;;;;;;x;;;;
MND_socialist;Socialists Faction;;;;;;;;;x;;;;
MGG_anarcho_liberal;Anarcho Liberal Faction;;;;;;;;;x;;;;
MGG_communist;Communist Faction;;;;;;;;;x;;;;
MGG_conservative;Conservative Faction;;;;;;;;;x;;;;
MGG_conservative_2;Conservative Faction;;;;;;;;;x;;;;
MGG_conservative_3;Conservative Reactionary Faction;;;;;;;;;x;;;;
MGG_fascist;Fascists Faction;;;;;;;;;x;;;;
MGG_liberal;Reformers Faction;;;;;;;;;x;;;;
MGG_liberal_2;Liberal Reformers Faction;;;;;;;;;x;;;;
MGG_reactionary;Reactionary Faction;;;;;;;;;x;;;;
MGG_socialist;Socialists Faction;;;;;;;;;x;;;;
LUN_anarcho_liberal;Anarcho Liberal Faction;;;;;;;;;x;;;;
LUN_communist;Communist Faction;;;;;;;;;x;;;;
LUN_conservative;Conservative Faction;;;;;;;;;x;;;;
LUN_conservative_2;Conservative Faction;;;;;;;;;x;;;;
LUN_conservative_3;Conservative Reactionary Faction;;;;;;;;;x;;;;
LUN_fascist;Fascists Faction;;;;;;;;;x;;;;
LUN_liberal;Reformers Faction;;;;;;;;;x;;;;
LUN_liberal_2;Liberal Reformers Faction;;;;;;;;;x;;;;
LUN_reactionary;Reactionary Faction;;;;;;;;;x;;;;
LUN_socialist;Socialists Faction;;;;;;;;;x;;;;
HNB_anarcho_liberal;Anarcho Liberal Faction;;;;;;;;;x;;;;
HNB_communist;Communist Faction;;;;;;;;;x;;;;
HNB_conservative;Conservative Faction;;;;;;;;;x;;;;
HNB_conservative_2;Conservative Faction;;;;;;;;;x;;;;
HNB_conservative_3;Conservative Reactionary Faction;;;;;;;;;x;;;;
HNB_fascist;Fascists Faction;;;;;;;;;x;;;;
HNB_liberal;Reformers Faction;;;;;;;;;x;;;;
HNB_liberal_2;Liberal Reformers Faction;;;;;;;;;x;;;;
HNB_reactionary;Reactionary Faction;;;;;;;;;x;;;;
HNB_socialist;Socialists Faction;;;;;;;;;x;;;;
HBR_anarcho_liberal;Anarcho Liberal Faction;;;;;;;;;x;;;;
HBR_communist;Communist Faction;;;;;;;;;x;;;;
HBR_conservative;Conservative Faction;;;;;;;;;x;;;;
HBR_conservative_2;Conservative Faction;;;;;;;;;x;;;;
HBR_conservative_3;Conservative Reactionary Faction;;;;;;;;;x;;;;
HBR_fascist;Fascists Faction;;;;;;;;;x;;;;
HBR_liberal;Reformers Faction;;;;;;;;;x;;;;
HBR_liberal_2;Liberal Reformers Faction;;;;;;;;;x;;;;
HBR_reactionary;Reactionary Faction;;;;;;;;;x;;;;
HBR_socialist;Socialists Faction;;;;;;;;;x;;;;
GHB_anarcho_liberal;Anarcho Liberal Faction;;;;;;;;;x;;;;
GHB_communist;Communist Faction;;;;;;;;;x;;;;
GHB_conservative;Conservative Faction;;;;;;;;;x;;;;
GHB_conservative_2;Conservative Faction;;;;;;;;;x;;;;
GHB_conservative_3;Conservative Reactionary Faction;;;;;;;;;x;;;;
GHB_fascist;Fascists Faction;;;;;;;;;x;;;;
GHB_liberal;Reformers Faction;;;;;;;;;x;;;;
GHB_liberal_2;Liberal Reformers Faction;;;;;;;;;x;;;;
GHB_reactionary;Reactionary Faction;;;;;;;;;x;;;;
GHB_socialist;Socialists Faction;;;;;;;;;x;;;;
FDA_anarcho_liberal;Anarcho Liberal Faction;;;;;;;;;x;;;;
FDA_communist;Communist Faction;;;;;;;;;x;;;;
FDA_conservative;Conservative Faction;;;;;;;;;x;;;;
FDA_conservative_2;Conservative Faction;;;;;;;;;x;;;;
FDA_conservative_3;Conservative Reactionary Faction;;;;;;;;;x;;;;
FDA_fascist;Fascists Faction;;;;;;;;;x;;;;
FDA_liberal;Reformers Faction;;;;;;;;;x;;;;
FDA_liberal_2;Liberal Reformers Faction;;;;;;;;;x;;;;
FDA_reactionary;Reactionary Faction;;;;;;;;;x;;;;
FDA_socialist;Socialists Faction;;;;;;;;;x;;;;
EMD_anarcho_liberal;Anarcho Liberal Faction;;;;;;;;;x;;;;
EMD_communist;Communist Faction;;;;;;;;;x;;;;
EMD_conservative;Conservative Faction;;;;;;;;;x;;;;
EMD_conservative_2;Conservative Faction;;;;;;;;;x;;;;
EMD_conservative_3;Conservative Reactionary Faction;;;;;;;;;x;;;;
EMD_fascist;Fascists Faction;;;;;;;;;x;;;;
EMD_liberal;Reformers Faction;;;;;;;;;x;;;;
EMD_liberal_2;Liberal Reformers Faction;;;;;;;;;x;;;;
EMD_reactionary;Reactionary Faction;;;;;;;;;x;;;;
EMD_socialist;Socialists Faction;;;;;;;;;x;;;;
EFT_anarcho_liberal;Anarcho Liberal Faction;;;;;;;;;x;;;;
EFT_communist;Communist Faction;;;;;;;;;x;;;;
EFT_conservative;Conservative Faction;;;;;;;;;x;;;;
EFT_conservative_2;Conservative Faction;;;;;;;;;x;;;;
EFT_conservative_3;Conservative Reactionary Faction;;;;;;;;;x;;;;
EFT_fascist;Fascists Faction;;;;;;;;;x;;;;
EFT_liberal;Reformers Faction;;;;;;;;;x;;;;
EFT_liberal_2;Liberal Reformers Faction;;;;;;;;;x;;;;
EFT_reactionary;Reactionary Faction;;;;;;;;;x;;;;
EFT_socialist;Socialists Faction;;;;;;;;;x;;;;
DRT_anarcho_liberal;Anarcho Liberal Faction;;;;;;;;;x;;;;
DRT_communist;Communist Faction;;;;;;;;;x;;;;
DRT_conservative;Conservative Faction;;;;;;;;;x;;;;
DRT_conservative_2;Conservative Faction;;;;;;;;;x;;;;
DRT_conservative_3;Conservative Reactionary Faction;;;;;;;;;x;;;;
DRT_fascist;Fascists Faction;;;;;;;;;x;;;;
DRT_liberal;Reformers Faction;;;;;;;;;x;;;;
DRT_liberal_2;Liberal Reformers Faction;;;;;;;;;x;;;;
DRT_reactionary;Reactionary Faction;;;;;;;;;x;;;;
DRT_socialist;Socialists Faction;;;;;;;;;x;;;;
CLR_anarcho_liberal;Anarcho Liberal Faction;;;;;;;;;x;;;;
CLR_communist;Communist Faction;;;;;;;;;x;;;;
CLR_conservative;Conservative Faction;;;;;;;;;x;;;;
CLR_conservative_2;Conservative Faction;;;;;;;;;x;;;;
CLR_conservative_3;Conservative Reactionary Faction;;;;;;;;;x;;;;
CLR_fascist;Fascists Faction;;;;;;;;;x;;;;
CLR_liberal;Reformers Faction;;;;;;;;;x;;;;
CLR_liberal_2;Liberal Reformers Faction;;;;;;;;;x;;;;
CLR_reactionary;Reactionary Faction;;;;;;;;;x;;;;
CLR_socialist;Socialists Faction;;;;;;;;;x;;;;
BYR_anarcho_liberal;Anarcho Liberal Faction;;;;;;;;;x;;;;
BYR_communist;Communist Faction;;;;;;;;;x;;;;
BYR_conservative;Conservative Faction;;;;;;;;;x;;;;
BYR_conservative_2;Conservative Faction;;;;;;;;;x;;;;
BYR_conservative_3;Conservative Reactionary Faction;;;;;;;;;x;;;;
BYR_fascist;Fascists Faction;;;;;;;;;x;;;;
BYR_liberal;Reformers Faction;;;;;;;;;x;;;;
BYR_liberal_2;Liberal Reformers Faction;;;;;;;;;x;;;;
BYR_reactionary;Reactionary Faction;;;;;;;;;x;;;;
BYR_socialist;Socialists Faction;;;;;;;;;x;;;;
MRI_anarcho_liberal;Anarcho Liberal Faction;;;;;;;;;x;;;;
MRI_communist;Communist Faction;;;;;;;;;x;;;;
MRI_conservative;Conservative Faction;;;;;;;;;x;;;;
MRI_conservative_2;Conservative Faction;;;;;;;;;x;;;;
MRI_conservative_3;Conservative Reactionary Faction;;;;;;;;;x;;;;
MRI_fascist;Fascists Faction;;;;;;;;;x;;;;
MRI_liberal;Reformers Faction;;;;;;;;;x;;;;
MRI_liberal_2;Liberal Reformers Faction;;;;;;;;;x;;;;
MRI_reactionary;Reactionary Faction;;;;;;;;;x;;;;
MRI_socialist;Socialists Faction;;;;;;;;;x;;;;
KRB_anarcho_liberal;Anarcho Liberal Faction;;;;;;;;;x;;;;
KRB_communist;Communist Faction;;;;;;;;;x;;;;
KRB_conservative;Conservative Faction;;;;;;;;;x;;;;
KRB_conservative_2;Conservative Faction;;;;;;;;;x;;;;
KRB_conservative_3;Conservative Reactionary Faction;;;;;;;;;x;;;;
KRB_fascist;Fascists Faction;;;;;;;;;x;;;;
KRB_liberal;Reformers Faction;;;;;;;;;x;;;;
KRB_liberal_2;Liberal Reformers Faction;;;;;;;;;x;;;;
KRB_reactionary;Reactionary Faction;;;;;;;;;x;;;;
KRB_socialist;Socialists Faction;;;;;;;;;x;;;;
PNG_anarcho_liberal;Anarcho Liberal Faction;;;;;;;;;x;;;;
PNG_communist;Communist Faction;;;;;;;;;x;;;;
PNG_conservative;Conservative Faction;;;;;;;;;x;;;;
PNG_conservative_2;Conservative Faction;;;;;;;;;x;;;;
PNG_conservative_3;Conservative Reactionary Faction;;;;;;;;;x;;;;
PNG_fascist;Fascists Faction;;;;;;;;;x;;;;
PNG_liberal;Reformers Faction;;;;;;;;;x;;;;
PNG_liberal_2;Liberal Reformers Faction;;;;;;;;;x;;;;
PNG_reactionary;Reactionary Faction;;;;;;;;;x;;;;
PNG_socialist;Socialists Faction;;;;;;;;;x;;;;
FIJ_anarcho_liberal;Anarcho Liberal Faction;;;;;;;;;x;;;;
FIJ_communist;Communist Faction;;;;;;;;;x;;;;
FIJ_conservative;Conservative Faction;;;;;;;;;x;;;;
FIJ_conservative_2;Conservative Faction;;;;;;;;;x;;;;
FIJ_conservative_3;Conservative Reactionary Faction;;;;;;;;;x;;;;
FIJ_fascist;Fascists Faction;;;;;;;;;x;;;;
FIJ_liberal;Reformers Faction;;;;;;;;;x;;;;
FIJ_liberal_2;Liberal Reformers Faction;;;;;;;;;x;;;;
FIJ_reactionary;Reactionary Faction;;;;;;;;;x;;;;
FIJ_socialist;Socialists Faction;;;;;;;;;x;;;;
PUE_anarcho_liberal;Anarcho Liberal Faction;;;;;;;;;x;;;;
PUE_communist;Communist Faction;;;;;;;;;x;;;;
PUE_conservative;Conservative Faction;;;;;;;;;x;;;;
PUE_conservative_2;Conservative Faction;;;;;;;;;x;;;;
PUE_conservative_3;Conservative Reactionary Faction;;;;;;;;;x;;;;
PUE_fascist;Fascists Faction;;;;;;;;;x;;;;
PUE_liberal;Reformers Faction;;;;;;;;;x;;;;
PUE_liberal_2;Liberal Reformers Faction;;;;;;;;;x;;;;
PUE_reactionary;Reactionary Faction;;;;;;;;;x;;;;
PUE_socialist;Socialists Faction;;;;;;;;;x;;;;
JAM_anarcho_liberal;Anarcho Liberal Faction;;;;;;;;;x;;;;
JAM_communist;Communist Faction;;;;;;;;;x;;;;
JAM_conservative;Conservative Faction;;;;;;;;;x;;;;
JAM_conservative_2;Conservative Faction;;;;;;;;;x;;;;
JAM_conservative_3;Conservative Reactionary Faction;;;;;;;;;x;;;;
JAM_fascist;Fascists Faction;;;;;;;;;x;;;;
JAM_liberal;Reformers Faction;;;;;;;;;x;;;;
JAM_liberal_2;Liberal Reformers Faction;;;;;;;;;x;;;;
JAM_reactionary;Reactionary Faction;;;;;;;;;x;;;;
JAM_socialist;Socialists Faction;;;;;;;;;x;;;;
ALA_anarcho_liberal;Anarcho Liberal Faction;;;;;;;;;x;;;;
ALA_communist;Communist Faction;;;;;;;;;x;;;;
ALA_conservative;Conservative Faction;;;;;;;;;x;;;;
ALA_conservative_2;Conservative Faction;;;;;;;;;x;;;;
ALA_conservative_3;Conservative Reactionary Faction;;;;;;;;;x;;;;
ALA_fascist;Fascists Faction;;;;;;;;;x;;;;
ALA_liberal;Reformers Faction;;;;;;;;;x;;;;
ALA_liberal_2;Liberal Reformers Faction;;;;;;;;;x;;;;
ALA_reactionary;Reactionary Faction;;;;;;;;;x;;;;
ALA_socialist;Socialists Faction;;;;;;;;;x;;;;
UCS_anarcho_liberal;Anarcho Liberal Faction;;;;;;;;;x;;;;
UCS_communist;Communist Faction;;;;;;;;;x;;;;
UCS_conservative;Conservative Faction;;;;;;;;;x;;;;
UCS_conservative_2;Conservative Faction;;;;;;;;;x;;;;
UCS_conservative_3;Conservative Reactionary Faction;;;;;;;;;x;;;;
UCS_fascist;Fascists Faction;;;;;;;;;x;;;;
UCS_liberal;Reformers Faction;;;;;;;;;x;;;;
UCS_liberal_2;Liberal Reformers Faction;;;;;;;;;x;;;;
UCS_reactionary;Reactionary Faction;;;;;;;;;x;;;;
UCS_socialist;Socialists Faction;;;;;;;;;x;;;;
ONT_anarcho_liberal;Anarcho Liberal Faction;;;;;;;;;x;;;;
ONT_communist;Communist Faction;;;;;;;;;x;;;;
ONT_conservative;Conservative Faction;;;;;;;;;x;;;;
ONT_conservative_2;Conservative Faction;;;;;;;;;x;;;;
ONT_conservative_3;Conservative Reactionary Faction;;;;;;;;;x;;;;
ONT_fascist;Fascists Faction;;;;;;;;;x;;;;
ONT_liberal;Reformers Faction;;;;;;;;;x;;;;
ONT_liberal_2;Liberal Reformers Faction;;;;;;;;;x;;;;
ONT_reactionary;Reactionary Faction;;;;;;;;;x;;;;
ONT_socialist;Socialists Faction;;;;;;;;;x;;;;
GRL_anarcho_liberal;Anarcho Liberal Faction;;;;;;;;;x;;;;
GRL_communist;Communist Faction;;;;;;;;;x;;;;
GRL_conservative;Conservative Faction;;;;;;;;;x;;;;
GRL_conservative_2;Conservative Faction;;;;;;;;;x;;;;
GRL_conservative_3;Conservative Reactionary Faction;;;;;;;;;x;;;;
GRL_fascist;Fascists Faction;;;;;;;;;x;;;;
GRL_liberal;Reformers Faction;;;;;;;;;x;;;;
GRL_liberal_2;Liberal Reformers Faction;;;;;;;;;x;;;;
GRL_reactionary;Reactionary Faction;;;;;;;;;x;;;;
GRL_socialist;Socialists Faction;;;;;;;;;x;;;;
MRT_anarcho_liberal;Anarcho Liberal Faction;;;;;;;;;x;;;;
MRT_communist;Communist Faction;;;;;;;;;x;;;;
MRT_conservative;Conservative Faction;;;;;;;;;x;;;;
MRT_conservative_2;Conservative Faction;;;;;;;;;x;;;;
MRT_conservative_3;Conservative Reactionary Faction;;;;;;;;;x;;;;
MRT_fascist;Fascists Faction;;;;;;;;;x;;;;
MRT_liberal;Reformers Faction;;;;;;;;;x;;;;
MRT_liberal_2;Liberal Reformers Faction;;;;;;;;;x;;;;
MRT_reactionary;Reactionary Faction;;;;;;;;;x;;;;
MRT_socialist;Socialists Faction;;;;;;;;;x;;;;
MLD_anarcho_liberal;Anarcho Liberal Faction;;;;;;;;;x;;;;
MLD_communist;Communist Faction;;;;;;;;;x;;;;
MLD_conservative;Conservative Faction;;;;;;;;;x;;;;
MLD_conservative_2;Conservative Faction;;;;;;;;;x;;;;
MLD_conservative_3;Conservative Reactionary Faction;;;;;;;;;x;;;;
MLD_fascist;Fascists Faction;;;;;;;;;x;;;;
MLD_liberal;Reformers Faction;;;;;;;;;x;;;;
MLD_liberal_2;Liberal Reformers Faction;;;;;;;;;x;;;;
MLD_reactionary;Reactionary Faction;;;;;;;;;x;;;;
MLD_socialist;Socialists Faction;;;;;;;;;x;;;;
ETM_anarcho_liberal;Anarcho Liberal Faction;;;;;;;;;x;;;;
ETM_communist;Communist Faction;;;;;;;;;x;;;;
ETM_conservative;Conservative Faction;;;;;;;;;x;;;;
ETM_conservative_2;Conservative Faction;;;;;;;;;x;;;;
ETM_conservative_3;Conservative Reactionary Faction;;;;;;;;;x;;;;
ETM_fascist;Fascists Faction;;;;;;;;;x;;;;
ETM_liberal;Reformers Faction;;;;;;;;;x;;;;
ETM_liberal_2;Liberal Reformers Faction;;;;;;;;;x;;;;
ETM_reactionary;Reactionary Faction;;;;;;;;;x;;;;
ETM_socialist;Socialists Faction;;;;;;;;;x;;;;
PRM_anarcho_liberal;Anarcho Liberal Faction;;;;;;;;;x;;;;
PRM_communist;Communist Faction;;;;;;;;;x;;;;
PRM_conservative;Conservative Faction;;;;;;;;;x;;;;
PRM_conservative_2;Conservative Faction;;;;;;;;;x;;;;
PRM_conservative_3;Conservative Reactionary Faction;;;;;;;;;x;;;;
PRM_fascist;Fascists Faction;;;;;;;;;x;;;;
PRM_liberal;Reformers Faction;;;;;;;;;x;;;;
PRM_liberal_2;Liberal Reformers Faction;;;;;;;;;x;;;;
PRM_reactionary;Reactionary Faction;;;;;;;;;x;;;;
PRM_socialist;Socialists Faction;;;;;;;;;x;;;;
PSC_anarcho_liberal;Anarcho Liberal Faction;;;;;;;;;x;;;;
PSC_communist;Communist Faction;;;;;;;;;x;;;;
PSC_conservative;Conservative Faction;;;;;;;;;x;;;;
PSC_conservative_2;Conservative Faction;;;;;;;;;x;;;;
PSC_conservative_3;Conservative Reactionary Faction;;;;;;;;;x;;;;
PSC_fascist;Fascists Faction;;;;;;;;;x;;;;
PSC_liberal;Reformers Faction;;;;;;;;;x;;;;
PSC_liberal_2;Liberal Reformers Faction;;;;;;;;;x;;;;
PSC_reactionary;Reactionary Faction;;;;;;;;;x;;;;
PSC_socialist;Socialists Faction;;;;;;;;;x;;;;
RME_anarcho_liberal;Anarcho Liberal Faction;;;;;;;;;x;;;;
RME_communist;Communist Faction;;;;;;;;;x;;;;
RME_conservative;Conservative Faction;;;;;;;;;x;;;;
RME_conservative_2;Conservative Faction;;;;;;;;;x;;;;
RME_conservative_3;Conservative Reactionary Faction;;;;;;;;;x;;;;
RME_fascist;Fascists Faction;;;;;;;;;x;;;;
RME_liberal;Reformers Faction;;;;;;;;;x;;;;
RME_liberal_2;Liberal Reformers Faction;;;;;;;;;x;;;;
RME_reactionary;Reactionary Faction;;;;;;;;;x;;;;
RME_socialist;Socialists Faction;;;;;;;;;x;;;;
REH_anarcho_liberal;Anarcho Liberal Faction;;;;;;;;;x;;;;
REH_communist;Communist Faction;;;;;;;;;x;;;;
REH_conservative;Conservative Faction;;;;;;;;;x;;;;
REH_conservative_2;Conservative Faction;;;;;;;;;x;;;;
REH_conservative_3;Conservative Reactionary Faction;;;;;;;;;x;;;;
REH_fascist;Fascists Faction;;;;;;;;;x;;;;
REH_liberal;Reformers Faction;;;;;;;;;x;;;;
REH_liberal_2;Liberal Reformers Faction;;;;;;;;;x;;;;
REH_reactionary;Reactionary Faction;;;;;;;;;x;;;;
REH_socialist;Socialists Faction;;;;;;;;;x;;;;
SSX_anarcho_liberal;Anarcho Liberal Faction;;;;;;;;;x;;;;
SSX_communist;Communist Faction;;;;;;;;;x;;;;
SSX_conservative;Conservative Faction;;;;;;;;;x;;;;
SSX_conservative_2;Conservative Faction;;;;;;;;;x;;;;
SSX_conservative_3;Conservative Reactionary Faction;;;;;;;;;x;;;;
SSX_fascist;Fascists Faction;;;;;;;;;x;;;;
SSX_liberal;Reformers Faction;;;;;;;;;x;;;;
SSX_liberal_2;Liberal Reformers Faction;;;;;;;;;x;;;;
SSX_reactionary;Reactionary Faction;;;;;;;;;x;;;;
SSX_socialist;Socialists Faction;;;;;;;;;x;;;;
NRT_anarcho_liberal;Anarcho Liberal Faction;;;;;;;;;x;;;;
NRT_communist;Communist Faction;;;;;;;;;x;;;;
NRT_conservative;Conservative Faction;;;;;;;;;x;;;;
NRT_conservative_2;Conservative Faction;;;;;;;;;x;;;;
NRT_conservative_3;Conservative Reactionary Faction;;;;;;;;;x;;;;
NRT_fascist;Fascists Faction;;;;;;;;;x;;;;
NRT_liberal;Reformers Faction;;;;;;;;;x;;;;
NRT_liberal_2;Liberal Reformers Faction;;;;;;;;;x;;;;
NRT_reactionary;Reactionary Faction;;;;;;;;;x;;;;
NRT_socialist;Socialists Faction;;;;;;;;;x;;;;
NBR_anarcho_liberal;Anarcho Liberal Faction;;;;;;;;;x;;;;
NBR_communist;Communist Faction;;;;;;;;;x;;;;
NBR_conservative;Conservative Faction;;;;;;;;;x;;;;
NBR_conservative_2;Conservative Faction;;;;;;;;;x;;;;
NBR_conservative_3;Conservative Reactionary Faction;;;;;;;;;x;;;;
NBR_fascist;Fascists Faction;;;;;;;;;x;;;;
NBR_liberal;Reformers Faction;;;;;;;;;x;;;;
NBR_liberal_2;Liberal Reformers Faction;;;;;;;;;x;;;;
NBR_reactionary;Reactionary Faction;;;;;;;;;x;;;;
NBR_socialist;Socialists Faction;;;;;;;;;x;;;;
MER_anarcho_liberal;Anarcho Liberal Faction;;;;;;;;;x;;;;
MER_communist;Communist Faction;;;;;;;;;x;;;;
MER_conservative;Conservative Faction;;;;;;;;;x;;;;
MER_conservative_2;Conservative Faction;;;;;;;;;x;;;;
MER_conservative_3;Conservative Reactionary Faction;;;;;;;;;x;;;;
MER_fascist;Fascists Faction;;;;;;;;;x;;;;
MER_liberal;Reformers Faction;;;;;;;;;x;;;;
MER_liberal_2;Liberal Reformers Faction;;;;;;;;;x;;;;
MER_reactionary;Reactionary Faction;;;;;;;;;x;;;;
MER_socialist;Socialists Faction;;;;;;;;;x;;;;
ESX_anarcho_liberal;Anarcho Liberal Faction;;;;;;;;;x;;;;
ESX_communist;Communist Faction;;;;;;;;;x;;;;
ESX_conservative;Conservative Faction;;;;;;;;;x;;;;
ESX_conservative_2;Conservative Faction;;;;;;;;;x;;;;
ESX_conservative_3;Conservative Reactionary Faction;;;;;;;;;x;;;;
ESX_fascist;Fascists Faction;;;;;;;;;x;;;;
ESX_liberal;Reformers Faction;;;;;;;;;x;;;;
ESX_liberal_2;Liberal Reformers Faction;;;;;;;;;x;;;;
ESX_reactionary;Reactionary Faction;;;;;;;;;x;;;;
ESX_socialist;Socialists Faction;;;;;;;;;x;;;;
CRN_anarcho_liberal;Anarcho Liberal Faction;;;;;;;;;x;;;;
CRN_communist;Communist Faction;;;;;;;;;x;;;;
CRN_conservative;Conservative Faction;;;;;;;;;x;;;;
CRN_conservative_2;Conservative Faction;;;;;;;;;x;;;;
CRN_conservative_3;Conservative Reactionary Faction;;;;;;;;;x;;;;
CRN_fascist;Fascists Faction;;;;;;;;;x;;;;
CRN_liberal;Reformers Faction;;;;;;;;;x;;;;
CRN_liberal_2;Liberal Reformers Faction;;;;;;;;;x;;;;
CRN_reactionary;Reactionary Faction;;;;;;;;;x;;;;
CRN_socialist;Socialists Faction;;;;;;;;;x;;;;
BIH_anarcho_liberal;Anarcho Liberal Faction;;;;;;;;;x;;;;
BIH_communist;Communist Faction;;;;;;;;;x;;;;
BIH_conservative;Conservative Faction;;;;;;;;;x;;;;
BIH_conservative_2;Conservative Faction;;;;;;;;;x;;;;
BIH_conservative_3;Conservative Reactionary Faction;;;;;;;;;x;;;;
BIH_fascist;Fascists Faction;;;;;;;;;x;;;;
BIH_liberal;Reformers Faction;;;;;;;;;x;;;;
BIH_liberal_2;Liberal Reformers Faction;;;;;;;;;x;;;;
BIH_reactionary;Reactionary Faction;;;;;;;;;x;;;;
BIH_socialist;Socialists Faction;;;;;;;;;x;;;;
ASS_anarcho_liberal;Anarcho Liberal Faction;;;;;;;;;x;;;;
ASS_communist;Communist Faction;;;;;;;;;x;;;;
ASS_conservative;Conservative Faction;;;;;;;;;x;;;;
ASS_conservative_2;Conservative Faction;;;;;;;;;x;;;;
ASS_conservative_3;Conservative Reactionary Faction;;;;;;;;;x;;;;
ASS_fascist;Fascists Faction;;;;;;;;;x;;;;
ASS_liberal;Reformers Faction;;;;;;;;;x;;;;
ASS_liberal_2;Liberal Reformers Faction;;;;;;;;;x;;;;
ASS_reactionary;Reactionary Faction;;;;;;;;;x;;;;
ASS_socialist;Socialists Faction;;;;;;;;;x;;;;
BNX_anarcho_liberal;Anarcho Liberal Faction;;;;;;;;;x;;;;
BNX_communist;Communist Faction;;;;;;;;;x;;;;
BNX_conservative;Conservative Faction;;;;;;;;;x;;;;
BNX_conservative_2;Conservative Faction;;;;;;;;;x;;;;
BNX_conservative_3;Conservative Reactionary Faction;;;;;;;;;x;;;;
BNX_fascist;Fascists Faction;;;;;;;;;x;;;;
BNX_liberal;Reformers Faction;;;;;;;;;x;;;;
BNX_liberal_2;Liberal Reformers Faction;;;;;;;;;x;;;;
BNX_reactionary;Reactionary Faction;;;;;;;;;x;;;;
BNX_socialist;Socialists Faction;;;;;;;;;x;;;;
AFU_anarcho_liberal;Anarcho Liberal Faction;;;;;;;;;x;;;;
AFU_communist;Communist Faction;;;;;;;;;x;;;;
AFU_conservative;Conservative Faction;;;;;;;;;x;;;;
AFU_conservative_2;Conservative Faction;;;;;;;;;x;;;;
AFU_conservative_3;Conservative Reactionary Faction;;;;;;;;;x;;;;
AFU_fascist;Fascists Faction;;;;;;;;;x;;;;
AFU_liberal;Reformers Faction;;;;;;;;;x;;;;
AFU_liberal_2;Liberal Reformers Faction;;;;;;;;;x;;;;
AFU_reactionary;Reactionary Faction;;;;;;;;;x;;;;
AFU_socialist;Socialists Faction;;;;;;;;;x;;;;
EUR_anarcho_liberal;Anarcho Liberal Faction;;;;;;;;;x;;;;
EUR_communist;Communist Faction;;;;;;;;;x;;;;
EUR_conservative;Conservative Faction;;;;;;;;;x;;;;
EUR_conservative_2;Conservative Faction;;;;;;;;;x;;;;
EUR_conservative_3;Conservative Reactionary Faction;;;;;;;;;x;;;;
EUR_fascist;Fascists Faction;;;;;;;;;x;;;;
EUR_liberal;Reformers Faction;;;;;;;;;x;;;;
EUR_liberal_2;Liberal Reformers Faction;;;;;;;;;x;;;;
EUR_reactionary;Reactionary Faction;;;;;;;;;x;;;;
EUR_socialist;Socialists Faction;;;;;;;;;x;;;;
BRC_anarcho_liberal;Anarcho Liberal Faction;;;;;;;;;x;;;;
BRC_communist;Communist Faction;;;;;;;;;x;;;;
BRC_conservative;Conservative Faction;;;;;;;;;x;;;;
BRC_conservative_2;Conservative Faction;;;;;;;;;x;;;;
BRC_conservative_3;Conservative Reactionary Faction;;;;;;;;;x;;;;
BRC_fascist;Fascists Faction;;;;;;;;;x;;;;
BRC_liberal;Reformers Faction;;;;;;;;;x;;;;
BRC_liberal_2;Liberal Reformers Faction;;;;;;;;;x;;;;
BRC_reactionary;Reactionary Faction;;;;;;;;;x;;;;
BRC_socialist;Socialists Faction;;;;;;;;;x;;;;
BRI_anarcho_liberal;Anarcho Liberal Faction;;;;;;;;;x;;;;
BRI_communist;Communist Faction;;;;;;;;;x;;;;
BRI_conservative;Conservative Faction;;;;;;;;;x;;;;
BRI_conservative_2;Conservative Faction;;;;;;;;;x;;;;
BRI_conservative_3;Conservative Reactionary Faction;;;;;;;;;x;;;;
BRI_fascist;Fascists Faction;;;;;;;;;x;;;;
BRI_liberal;Reformers Faction;;;;;;;;;x;;;;
BRI_liberal_2;Liberal Reformers Faction;;;;;;;;;x;;;;
BRI_reactionary;Reactionary Faction;;;;;;;;;x;;;;
BRI_socialist;Socialists Faction;;;;;;;;;x;;;;
RHI_anarcho_liberal;Anarcho Liberal Faction;;;;;;;;;x;;;;
RHI_communist;Communist Faction;;;;;;;;;x;;;;
RHI_conservative;Conservative Faction;;;;;;;;;x;;;;
RHI_conservative_2;Conservative Faction;;;;;;;;;x;;;;
RHI_conservative_3;Conservative Reactionary Faction;;;;;;;;;x;;;;
RHI_fascist;Fascists Faction;;;;;;;;;x;;;;
RHI_liberal;Reformers Faction;;;;;;;;;x;;;;
RHI_liberal_2;Liberal Reformers Faction;;;;;;;;;x;;;;
RHI_reactionary;Reactionary Faction;;;;;;;;;x;;;;
RHI_socialist;Socialists Faction;;;;;;;;;x;;;;
BBB_anarcho_liberal;Anarcho Liberal Faction;;;;;;;;;x;;;;
BBB_communist;Communist Faction;;;;;;;;;x;;;;
BBB_conservative;Conservative Faction;;;;;;;;;x;;;;
BBB_conservative_2;Conservative Faction;;;;;;;;;x;;;;
BBB_conservative_3;Conservative Reactionary Faction;;;;;;;;;x;;;;
BBB_fascist;Fascists Faction;;;;;;;;;x;;;;
BBB_liberal;Reformers Faction;;;;;;;;;x;;;;
BBB_liberal_2;Liberal Reformers Faction;;;;;;;;;x;;;;
BBB_reactionary;Reactionary Faction;;;;;;;;;x;;;;
BBB_socialist;Socialists Faction;;;;;;;;;x;;;;